player_id,player_name,birth_date,nationality,primary_broad_position,primary_general_position,secondary_broad_position,secondary_general_position,season_name,height_ft,height_in,weight_lb
0Oq6243Pq6,Lena Silano,2000-02-28,USA,FW,ST,MF,W,"['2023', '2024']",,,
0Oq62D2xq6,Mwanalima Jereko,1997-09-04,Kenya,MF,CM,,AM,2024,,,
0Oq62ob2q6,Heather Hinz,2001-06-27,USA,GK,GK,,,2024,,,
0Oq632XPQ6,Jenna Hellstrom,1995-04-02,Canada,DF,FB,,,2020,5.0,6.0,
0Oq63967Q6,Julia Dorsey,2000-08-08,USA,,,,,{},,,
0Oq63d8XQ6,Maddie Huster,1996-07-05,USA,,,,,{},5.0,4.0,
0Oq63dogQ6,Paige Monaghan,1996-11-13,USA,MF,W,FW,W,"['2019', '2020', '2021', '2022', '2023', '2024']",5.0,7.0,
0Oq63dpzQ6,Erin Yenney,1992-10-20,USA,FW,W,MF,W,2018,5.0,7.0,
0Oq63NGdQ6,Kate Del Fava,1998-07-23,USA,DF,FB,,CB,"['2020', '2021', '2022', '2023', '2024']",5.0,9.0,
0Oq6L6BzM6,Madison Elwell,1999-09-06,USA,DF,FB,,,"['2022', '2023']",,,
0Oq6Lbp7M6,Alexis Loera,1999-06-19,USA,MF,DM,DF,CB,"['2022', '2023', '2024']",,,
0Oq6LbXzM6,Mia Gyau,1998-06-22,USA,DF,FB,,,"['2022', '2023']",,,
0Oq6LeZxM6,Joelle Anderson,1998-10-06,USA,MF,CM,,,"['2022', '2023', '2024']",,,
0Oq6lgE2M6,Angharad James-Turner,1994-06-01,Wales,MF,DM,,CM,"['2021', '2022', '2024']",,,
0Oq6LKAxM6,Scarlett Camberos,2000-11-20,Mexico,MF,W,FW,W,"['2023', '2024']",5.0,6.0,137.0
0Oq6lL2rM6,Nahomi Kawasumi,1985-09-23,Japan,FW,W,MF,W,"['2016', '2017', '2018', '2019', '2020', '2021', '2022', '2023']",5.0,2.0,110.0
0Oq6lLLrM6,Elise Thorsnes,1988-08-14,Norway,MF,W,,,2018,5.0,9.0,154.0
0Oq6lLw2M6,Lisa De Vanna,1984-11-14,Australia,MF,W,,AM,2016,5.0,1.0,123.0
0Oq6LpwXM6,Taylor Aylmer,,USA,MF,DM,,,"['2021', '2022', '2023']",5.0,8.0,
0Oq6lRkrM6,Verónica Boquete,1987-04-09,Spain,MF,CM,,,"['2019', '2020']",5.0,4.0,119.0
0Oq6LyL7M6,Jenna Winebrenner,1999-03-01,USA,DF,CB,,,"['2022', '2023']",,,
0Oq6w2WgQ6,Katie Lind,1994-02-15,USA,DF,CB,,,"['2016', '2017', '2018', '2019', '2020', '2021', '2022', '2023']",5.0,10.0,
0Oq6w6D6Q6,Ally Watt,1997-03-12,USA,FW,ST,MF,W,"['2020', '2021', '2022', '2023', '2024']",,,
0Oq6w6JgQ6,Naomi Girma,2000-06-14,USA,DF,CB,,,"['2022', '2023', '2024']",5.0,5.0,
0Oq6w6ngQ6,Holly Daugirda,,USA,,,,,{},,,
0Oq6wa1gQ6,Lindsay Elston,1991-04-30,USA,MF,CM,,,"['2016', '2017']",5.0,8.0,
0Oq6waLAQ6,Jami Kranich,1992-05-27,USA,GK,GK,,,2016,5.0,10.0,
0Oq6waLXQ6,Louise Schillgard,1989-10-23,Sweden,MF,W,,,2016,,,
0Oq6waZ2Q6,Maycee Bell,2000-09-18,USA,DF,FB,,,2024,5.0,11.0,
0Oq6wbb2Q6,Kristen McNabb,1994-04-17,USA,DF,FB,,CB,"['2017', '2018', '2019', '2020', '2021', '2022', '2023', '2024']",5.0,5.0,
0Oq6wGnrQ6,Paige Nielsen,1993-10-14,USA,DF,CB,,,"['2016', '2019', '2020', '2021', '2022', '2023', '2024']",5.0,5.0,
0Oq6wlg7Q6,Caprice Dydasco,1993-08-19,USA,DF,FB,,,"['2016', '2017', '2018', '2019', '2021', '2022', '2023', '2024']",5.0,3.0,
0Oq6wlgrQ6,Taylor Smith,1993-12-01,USA,DF,FB,,,"['2016', '2017', '2018', '2020', '2021', '2022', '2023']",5.0,3.0,
0Oq6wVydQ6,Kayla Mills,1995-11-08,USA,DF,FB,,,2017,5.0,9.0,
0Oq6wZexQ6,Janine Sonis,1994-08-20,Canada,MF,W,,,"['2016', '2017', '2018', '2022', '2024']",5.0,8.0,
0x5g23JrM7,Cara Walls,1993-06-16,USA,FW,ST,,,2016,,,
0x5g23nLM7,Hensley Hancuff,2000-08-03,USA,,,,,{},,,
0x5g23VwM7,Abigail Steele,1993-09-18,USA,,,,,{},,,
0x5g23X7M7,Samantha Lofton,1992-04-29,USA,DF,FB,,,2016,5.0,8.0,
0x5g26b7M7,Jess Carter,1997-10-27,England,DF,FB,,,2024,5.0,5.0,150.0
0x5g2EBPM7,Zoe Redei,1997-10-08,USA,FW,W,,,2020,5.0,4.0,
0x5g2EoZM7,Katie Johnson,1994-09-14,Mexico,FW,ST,,,"['2017', '2018', '2019', '2020', '2021', '2022', '2023', '2024']",5.0,9.0,
0x5g2EvwM7,Samantha Hiatt,1998-01-06,USA,DF,CB,,,"['2020', '2021', '2022', '2023', '2024']",5.0,10.0,
0x5g2k0bM7,Amber Brooks,1991-01-23,USA,DF,CB,,,"['2016', '2017', '2018', '2019', '2020', '2021', '2022', '2023']",5.0,6.0,
0x5g2mW7M7,Casey Krueger,1990-08-23,USA,DF,FB,,,"['2016', '2017', '2018', '2019', '2020', '2021', '2023', '2024']",5.0,8.0,
0x5g2NEPM7,Kumi Yokoyama,1993-08-13,Japan,MF,W,,,"['2020', '2021', '2022']",5.0,1.0,119.0
0x5g2nzPM7,Allysha Chapman,1989-01-25,Canada,DF,FB,,,"['2016', '2017', '2018', '2019', '2020', '2021', '2022', '2023', '2024']",5.0,3.0,123.0
0x5g2pRwM7,Elin Rubensson,1993-05-11,Sweden,MF,CM,,DM,2024,5.0,5.0,135.0
0x5gJ06XM7,Sydney Collins,,Canada,DF,FB,,,2023,,,
0x5gJ0LXM7,Mackenzie Wood,2000-07-04,USA,GK,GK,,,2024,5.0,9.0,
0x5gL8rbq7,Autumn Smithers,1994-11-04,USA,DF,CB,,,2020,5.0,8.0,
0x5gLLzRq7,Adelaide Gay,1989-11-03,USA,,,,,{},5.0,6.0,
0x5gLNAPq7,Racheal Kundananji,2000-06-03,Zambia,MF,W,FW,W,2024,5.0,7.0,130.0
0x5gLOxwq7,Phoebe McClernon,1997-12-13,USA,DF,CB,,FB,"['2021', '2022', '2023', '2024']",5.0,7.0,
0x5gLXKXq7,Vanessa Gilles,1996-03-11,Canada,DF,CB,,,2022,5.0,7.0,
0x5gP7Lwq7,Nadia Nadim,1988-01-02,Denmark,FW,ST,MF,W,"['2016', '2017', '2021', '2022', '2023']",5.0,9.0,
0x5gPJvRq7,Francisca Ordega,1993-10-19,Nigeria,FW,ST,,W,"['2016', '2017', '2018']",5.0,1.0,
0x5gPW2Rq7,Emily van Egmond,1993-07-12,Australia,MF,DM,,,"['2018', '2019', '2021', '2022', '2023', '2024']",5.0,10.0,154.0
0x5gPXRRq7,Makenzy Robbe,1994-02-25,USA,MF,W,,,"['2016', '2017', '2019', '2020', '2021', '2022', '2023', '2024']",5.0,8.0,
0x5gW0mw57,Shelby Hogan,1998-05-10,USA,GK,GK,,,"['2022', '2023', '2024']",,,
0x5gW3J757,Manaka Matsukubo,2004-07-28,Japan,FW,ST,,,"['2023', '2024']",5.0,1.0,
0x5gWVaj57,Ana Dias,1997-10-02,Portugal,FW,ST,,,2024,,,
2lqR70GxQr,Ryanne Brown,1999-01-21,USA,DF,FB,,,"['2022', '2023', '2024']",,,
2lqR7prDQr,Olivia Athens,1998-08-01,USA,MF,DM,,,"['2022', '2023', '2024']",,,
2lqR7Y32Qr,Gabriella English,1996-11-21,USA,,,,,{},5.0,10.0,
2lqRj7BAqr,Kristina Maksuti,1993-02-06,Albania,,,,,{},,,
2lqRjBw0qr,Sarah Luebbert,1997-12-16,USA,DF,FB,,,"['2020', '2021', '2022']",5.0,7.0,
2lqRJgPLqr,Ryan Childers,,USA,MF,DM,,,2023,,,
2lqRJn6xqr,Lindsi Jennings,,USA,DF,FB,,,2023,,,
2lqRjnZWqr,Amandine Pierre-Louis,1995-02-18,Canada,MF,W,FW,ST,"['2018', '2019']",5.0,7.0,
2lqRjRg2qr,Ludmila,1994-12-01,Brazil,FW,ST,MF,W,2024,5.0,3.0,132.0
2lqRk09LQr,Parker Roberts,1997-07-30,USA,MF,CM,,,"['2021', '2022']",,,
2lqRk0vaQr,Taylor Flint,1998-11-22,USA,MF,DM,,,"['2021', '2022', '2023', '2024']",6.0,1.0,
2lqRk1dnQr,Madelyn Desiano,2000-02-18,USA,MF,W,,,2023,5.0,6.0,
2lqRk1eAQr,Jordyn Huitema,2001-05-08,Canada,FW,ST,,,"['2022', '2023', '2024']",5.0,11.0,
2lqRk1naQr,Tessa Florio-Gavilsky,1989-07-20,USA,MF,CM,,,2016,5.0,8.0,
2lqRk1YaQr,Dominique Richardson,1992-10-18,USA,DF,CB,,,"['2016', '2017', '2018', '2019', '2020', '2021', '2022']",5.0,6.0,
2lqRk9PAQr,Katie Cousins,1996-09-25,USA,MF,W,,,2022,,,
2lqRk9wWQr,Kerolin,1999-11-17,Brazil,MF,W,FW,ST,"['2022', '2023', '2024']",5.0,4.0,112.0
2lqRkkNDQr,Mackenzie Arnold,1994-02-25,Australia,GK,GK,,,2024,5.0,10.0,168.0
2lqRklgAQr,Emily Menges,1992-07-28,USA,DF,CB,,,"['2016', '2017', '2018', '2019', '2020', '2021', '2022', '2023', '2024']",5.0,7.0,
2lqRkmXAQr,Arin Wright,1992-12-25,USA,DF,FB,,,"['2016', '2017', '2018', '2019', '2020', '2021', '2022', '2023', '2024']",5.0,7.0,132.0
2lqRkN10Qr,Elli Pikkujamsa,1999-10-24,Finland,DF,CB,MF,DM,"['2023', '2024']",,,
2lqRknR2Qr,Lotta Okvist,1997-02-17,Sweden,,,,,{},5.0,5.0,
2lqRkppnQr,Morgan Proffitt,1994-08-22,USA,MF,DM,,,"['2017', '2018', '2019']",5.0,10.0,
2lqRkPPnQr,Libby Stout,1990-06-16,USA,GK,GK,,,2016,,,
2lqRkRADQr,Lauren Kaskie,1995-09-18,USA,MF,CM,,,"['2017', '2018']",5.0,5.0,
2lqRkZOxQr,Lo'eau LaBonta,1993-03-18,USA,MF,CM,,DM,"['2016', '2017', '2018', '2019', '2020', '2021', '2022', '2023', '2024']",5.0,2.0,
2lqRR7knqr,Sam Kerr,1993-09-10,Australia,FW,ST,,,"['2016', '2017', '2018', '2019']",5.0,6.0,146.0
2lqRRddLqr,Debinha,1991-10-20,Brazil,MF,AM,,,"['2017', '2018', '2019', '2020', '2021', '2022', '2023', '2024']",5.0,2.0,115.0
2lqRRG6xqr,Danielle Colaprico,1993-05-06,USA,MF,DM,,CM,"['2016', '2017', '2018', '2019', '2020', '2021', '2022', '2023', '2024']",5.0,3.0,
2lqRRj9Jqr,Amy Turner,1991-07-04,England,DF,CB,,,"['2021', '2022']",,,
2lqRRjmaqr,Jess Fishlock,1987-01-14,Wales,MF,CM,,DM,"['2016', '2017', '2018', '2019', '2020', '2021', '2022', '2023', '2024']",5.0,2.0,121.0
2vQ143Ylqr,Jaedyn Shaw,2004-11-20,USA,MF,AM,,,"['2022', '2023', '2024']",,,
2vQ14byOqr,Erin Greening,1997-06-20,USA,DF,FB,,,2019,5.0,7.0,
2vQ14dwwqr,Maddie Mercado,2001-04-01,USA,MF,W,,CM,2024,,,
2vQ14G44qr,Kyra Carusa,1995-11-14,Republic of Ireland,FW,ST,MF,W,"['2023', '2024']",5.0,7.0,146.0
2vQ14jmLqr,Makenna Morris,2002-04-26,USA,MF,W,,,2024,5.0,5.0,
2vQ14k60qr,Maddie Pokorny,1996-11-24,USA,MF,W,,,"['2023', '2024']",,,
2vQ14Xolqr,Haley McCutcheon,1996-02-22,USA,DF,FB,,,"['2018', '2019', '2020', '2021', '2022', '2023', '2024']",5.0,6.0,
2vQ14ykGqr,Riley Smith,,USA,,,,,{},,,
2vQ1jGBxMr,Andrea Rán Hauksdóttir,1996-01-28,Iceland,FW,W,,,2021,,,
2vQ1LdZwqr,Kaylyn Kyle,1988-10-06,Canada,DF,CB,MF,DM,2016,5.0,8.0,
2vQ1N2EbMr,Joanna Lohman,1982-06-26,USA,MF,CM,,,"['2016', '2017', '2018']",5.0,5.0,
2vQ1N2ybMr,Alexa Newfield,1991-12-03,USA,MF,AM,,,"['2016', '2017', '2018', '2019']",5.0,3.0,
2vQ1N3ebMr,Frankie Tagliaferri,1999-01-18,USA,MF,AM,,,"['2022', '2023', '2024']",,,
2vQ1N8PLMr,Jasmyne Spencer,1990-08-27,USA,DF,FB,,,"['2016', '2017', '2018', '2019', '2020', '2021', '2022', '2023', '2024']",5.0,1.0,
2vQ1NDNOMr,Stephanie Verdoia,1993-01-02,USA,MF,AM,,CM,2016,,,
2vQ1R1WbMr,Caroline Conti,2001-03-28,USA,MF,CM,,,2024,,,
315V7xlnq9,Elexa Bahr,1998-05-16,Colombia,FW,ST,MF,W,2024,5.0,3.0,132.0
315V7yXbq9,Stefany Ferrer,1998-10-17,Brazil,MF,DM,,,2022,5.0,4.0,
315V7ZLVq9,Miranda Nild,1997-04-01,USA,MF,W,,,2020,5.0,9.0,
315VeoRVM9,Morgan Gautrat,1993-02-26,USA,MF,DM,,CM,"['2016', '2017', '2018', '2019', '2020', '2021', '2022', '2023', '2024']",5.0,7.0,123.0
315VP9j9Q9,Jenna Szczesny,1997-05-17,USA,FW,ST,,,2019,5.0,9.0,
315VPayXQ9,Gabby Cuevas,,USA,,,,,{},,,
315VWAw9q9,Alyssa Walker,1997-11-30,USA,FW,ST,,,2023,5.0,10.0,
315VWp19q9,Mallie McKenzie,2000-11-13,USA,MF,W,,,2024,,,
315VWVYYq9,Regan Steigleder,1998-09-03,USA,DF,FB,,,2024,5.0,7.0,
315VX01YQ9,Brianna Pinto,2000-05-24,USA,MF,DM,,,"['2021', '2022', '2023', '2024']",5.0,5.0,
315VX0vYQ9,Julie Doyle,1998-08-30,USA,MF,W,,,"['2022', '2023', '2024']",5.0,10.0,
315VX1nEQ9,Courtney Niemiec,1992-04-13,USA,DF,CB,,,2016,,,
315VXd2YQ9,Cambria Privett,1993-03-16,USA,DF,FB,,,"['2016', '2017', '2019', '2020', '2021']",5.0,8.0,
315VXdEbQ9,Summer Yates,2000-06-17,USA,MF,W,,,"['2023', '2024']",,,
315VXdjYQ9,Theresa Diederich,,USA,,,,,{},5.0,6.0,
315VXENGQ9,Poliana,1991-02-06,Brazil,DF,FB,,,"['2016', '2017', '2018']",5.0,9.0,132.0
315VXEXnQ9,Kristin Grubka,1992-12-17,USA,DF,CB,,,2016,,,
315VXPr6Q9,Josée Bélanger,1986-05-14,Canada,DF,FB,,,2016,5.0,4.0,
315VXRDbQ9,Crystal Dunn,1992-07-03,USA,MF,W,,,"['2016', '2018', '2019', '2020', '2021', '2022', '2023', '2024']",5.0,1.0,119.0
315VXz3vQ9,Nicole Douglas,2000-07-31,England,MF,AM,,,2023,,,
4JMA91xYMK,Haley Berg,1998-09-23,USA,,,,,{},,,
4JMA93B9MK,Havana Solaun,1993-02-23,Jamaica,MF,CM,,,"['2016', '2017', '2018', '2020', '2021', '2022', '2023', '2024']",5.0,9.0,
4JMA98P2MK,Summer Green,1995-05-02,USA,FW,ST,,W,"['2017', '2018']",5.0,6.0,
4JMA9dO6MK,Stine Ballisager Pedersen,1994-01-03,Denmark,DF,CB,,,"['2023', '2024']",5.0,7.0,141.0
4JMA9KEYMK,Erika Tymrak,1991-08-07,USA,MF,W,,,"['2016', '2017', '2018', '2019', '2021', '2022', '2023']",5.0,5.0,
4JMA9KmkMK,Amirah Ali,1998-12-07,USA,MF,W,FW,ST,"['2022', '2023', '2024']",,,
4JMA9ROlMK,Kiersten Dallstream,1988-03-05,USA,MF,W,,,"['2016', '2017', '2018', '2019']",5.0,7.0,
4JMA9Wp2MK,Becky Edwards,1988-05-22,USA,MF,DM,,CM,2016,5.0,7.0,
4JMA9y01MK,Marissa Everett,1997-08-29,USA,MF,AM,FW,ST,"['2019', '2020', '2021', '2022']",5.0,4.0,
4JMAak3kMK,Marta,1986-02-19,Brazil,MF,AM,,,"['2017', '2018', '2019', '2020', '2021', '2022', '2023', '2024']",5.0,4.0,123.0
4JMAakvDMK,Gaëtane Thiney,1985-10-28,France,MF,CM,,,2021,5.0,7.0,
4JMAaoD6MK,Jennifer Beattie,1991-05-13,Scotland,DF,CB,,,2024,5.0,10.0,
4JMAaol2MK,Karen Bardsley,1984-10-14,England,GK,GK,,,2021,6.0,0.0,
4JMAaorOMK,Stephanie Cox,1986-04-03,USA,DF,FB,,,"['2019', '2020', '2021']",5.0,6.0,
4JMAarV6MK,Steph Catley,1994-01-26,Australia,DF,FB,,,"['2016', '2017', '2018', '2019']",5.0,7.0,132.0
4JMAaW7OMK,Natalia Kuikka,1995-12-01,Finland,DF,FB,,,"['2021', '2022', '2023', '2024']",,,
4JMAkml7qK,Nealy Martin,1998-04-22,USA,MF,DM,,,"['2021', '2022', '2023', '2024']",5.0,7.0,
4JMAkp87qK,Emily Jane Garnier,1996-03-21,USA,,,,,{},,,
4JMAo0dOqK,Kori Butterfield,,USA,,,,,{},,,
4JMAo3G2qK,EJ Proctor,,,,,,,{},,,
4JMAoba7qK,Olivia Moultrie,2005-09-17,USA,MF,CM,,AM,"['2021', '2022', '2023', '2024']",5.0,7.0,
4JMAoLEPqK,Maya Doms,2001-05-11,USA,MF,CM,,,2024,5.0,6.0,
4JMAomE7qK,Messiah Bright,2000-01-12,USA,FW,ST,,,"['2023', '2024']",,,
4JMAon29qK,Meaghan Nally,1998-06-30,USA,DF,CB,,,"['2021', '2022', '2023', '2024']",5.0,7.0,
4JMAoyV2qK,Madison Curry,2001-01-23,USA,DF,FB,,CB,2024,,,
4wM42Drpqj,Janine van Wyk,1987-04-17,South Africa,DF,CB,,,"['2017', '2018']",5.0,4.0,126.0
4wM42JdNqj,Rachel Daly,1991-12-06,England,FW,ST,,,"['2016', '2017', '2018', '2019', '2020', '2021', '2022']",5.0,6.0,
4wM42nwzqj,Katrina Gorry,1992-08-13,Australia,MF,AM,,,2018,5.0,1.0,119.0
4wM42pa4qj,Nora Holstad Berge,1987-03-26,Norway,MF,DM,,,2017,5.0,9.0,146.0
4wM4a1zy5j,Ashleigh Sykes,1991-12-15,Australia,DF,FB,MF,W,2017,5.0,4.0,119.0
4wM4aa445j,Celeste Boureille,1994-04-20,USA,MF,CM,,,"['2016', '2017', '2018', '2019', '2020', '2021']",5.0,9.0,
4wM4agey5j,Fuka Nagano,1999-03-09,Japan,MF,AM,,W,2022,5.0,3.0,
4wM4aj4y5j,Maddy Evans,,,MF,CM,,DM,"['2016', '2017']",,,
4wM4ajpz5j,Mary Luba,1993-08-20,USA,MF,CM,,,2016,5.0,8.0,
4wM4aOLA5j,Malia Berkely,1998-02-13,USA,DF,CB,,,"['2022', '2023', '2024']",,,
4wM4aVdl5j,Christen Westphal,1993-09-02,USA,DF,FB,,,"['2016', '2017', '2018', '2019', '2020', '2021', '2022', '2023', '2024']",5.0,6.0,
4wM4Eo2z5j,Bridgette Skiba,,USA,,,,,{},,,
4wM4Jb2gqj,Scout Watson,1996-05-01,USA,,,,,{},,,
4wM4Je2gqj,Kelsey Turnbow,1999-01-10,USA,MF,W,,,"['2022', '2023']",5.0,8.0,
4wM4Jnmgqj,Lindsey Harris,1993-11-19,USA,GK,GK,,,"['2021', '2022']",5.0,7.0,
4wM4JOopqj,Megan Hinz,1995-12-04,USA,,,,,{},5.0,8.0,126.0
4wM4JZAlqj,Jocelyn Blankenship,1994-06-10,USA,,,,,{},,,
4wM4p3LdMj,Jordan Thompson,,USA,DF,CB,,,2023,,,
4wM4pDg4Mj,Yuuka Kurosaki,1997-06-12,Japan,,,,,{},5.0,4.0,119.0
4wM4pXEAMj,Lauren Kozal,2000-07-11,USA,,,,,{},5.0,10.0,
4wM4ZnGAqj,Sammy Jo Prudhomme,1993-10-25,USA,GK,GK,,,2017,5.0,10.0,
4wM4ZnXgqj,Claire Emslie,1994-03-08,Scotland,MF,W,FW,W,"['2019', '2022', '2023', '2024']",5.0,7.0,
7vQ7B4LEqD,Kimberly Keever,1995-09-22,USA,DF,FB,MF,W,2018,5.0,5.0,
7vQ7Bdp8qD,Christine Creighton,1997-03-22,USA,,,,,{},5.0,9.0,
7vQ7e71L5D,Madison White,2001-11-30,USA,,,,,{},,,
7vQ7rAdOqD,Mandy Laddish,1992-05-13,USA,MF,DM,,CM,"['2016', '2019']",5.0,7.0,
7vQ7rAjzqD,Cori Dyke,2000-09-20,USA,DF,FB,,,2024,,,
7vQ7rAZOqD,Line Jensen,1991-08-23,Denmark,MF,CM,,DM,"['2016', '2017']",5.0,6.0,
7vQ7rjrGqD,Abby Smith,1993-10-04,USA,GK,GK,,,"['2016', '2017', '2018', '2020', '2021', '2022', '2023']",5.0,9.0,
7vQ7rL4eqD,Esme Morgan,2000-10-18,England,DF,CB,,,2024,5.0,10.0,132.0
7vQ7rNEGqD,Haley Rosen,1993-06-01,USA,,,,,{},5.0,9.0,
7vQ7rOwOqD,Sophia Wilson,2000-08-10,USA,FW,ST,,,"['2020', '2021', '2022', '2023', '2024']",5.0,5.0,
7vQ7rpPLqD,Satara Murray,1993-07-01,USA,DF,CB,,FB,"['2019', '2022', '2023']",5.0,8.0,
7vQ7xAxdMD,Emily Clegg,2005-11-01,New Zealand,FW,ST,,,2024,5.0,9.0,
7vQ7xkp8MD,Isabella Beletic,1998-08-10,USA,,,,,{},,,
7VqG07XzQv,Kayla McKenna,1996-09-03,Jamaica,FW,ST,,,2019,5.0,6.0,
7VqG0lxdQv,Sandra Starke,1993-07-31,Germany,MF,AM,,,2023,5.0,5.0,
7VqG0WeYQv,Giovanna DeMarco,1999-07-09,USA,MF,AM,,,2023,5.0,7.0,
7VqG3gWeqv,Sydney Cummings,1999-03-05,Guyana,,,,,{},,,
7VqGj8N65v,Bianca Henninger,1990-10-22,Mexico,GK,GK,,,2016,5.0,6.0,
7VqGj8wd5v,Jessie Scarpa,1996-05-17,USA,FW,ST,,W,2020,5.0,7.0,
7VqGjEoj5v,Nikki Stanton,1990-10-26,USA,MF,DM,,,"['2016', '2017', '2018', '2019', '2021', '2022', '2023', '2024']",5.0,7.0,
7VqGjK3A5v,Ashley Hatch,1995-05-25,USA,FW,ST,,,"['2017', '2018', '2019', '2020', '2021', '2022', '2023', '2024']",5.0,9.0,
7VqGjo7z5v,Bianca Brinson,1992-11-13,USA,,,,,{},5.0,1.0,
7VqGjobW5v,Gunnhildur Jonsdottir,1988-09-28,Iceland,MF,DM,,,"['2018', '2019', '2020', '2021', '2022']",5.0,5.0,
7VqGjoY35v,Brianna Martínez,2000-04-22,USA,DF,FB,,,"['2023', '2024']",5.0,6.0,
7VqGjVXY5v,Maddie Bauer,1995-03-20,USA,DF,CB,MF,DM,"['2017', '2018']",5.0,8.0,
7VqGjXpX5v,Kailen Sheridan,1995-07-16,Canada,GK,GK,,,"['2017', '2018', '2019', '2020', '2021', '2022', '2023', '2024']",5.0,9.0,
7VqGjYPj5v,Jessie Fleming,1998-03-11,Canada,MF,CM,,,2024,5.0,3.0,
7VqGjZWW5v,Sinead Farrelly,1989-11-16,USA,MF,CM,,,"['2023', '2024']",5.0,4.0,
7VqGLVgAQv,Jordyn Bugg,2006-08-11,USA,DF,CB,,,2024,5.0,7.0,
7VqGLW0xQv,Chloe Ricketts,2007-05-23,USA,MF,AM,,CM,"['2023', '2024']",,,
7VqGLWJdQv,Clara Robbins,1998-12-09,USA,MF,CM,,,2023,5.0,7.0,
7VqGm02dMv,Alex Morgan,1989-07-02,USA,FW,ST,,,"['2016', '2017', '2018', '2019', '2021', '2022', '2023', '2024']",5.0,7.0,
7VqGm33XMv,Caitlin Foord,1994-11-11,Australia,FW,ST,,,"['2018', '2019']",5.0,7.0,130.0
7VqGm3jYMv,Ellie Brush,1988-08-19,Australia,DF,CB,,,2016,5.0,5.0,130.0
7VqGm3O6Mv,Sofia Jakobsson,1990-04-23,Sweden,MF,W,,,"['2022', '2023', '2024']",5.0,9.0,135.0
7VqGm3RzMv,Natasha Kai,1983-05-22,USA,FW,ST,,,"['2016', '2017']",5.0,8.0,
9vQ2220eQK,Angela Salem,1988-07-24,USA,MF,DM,,,"['2016', '2017', '2018', '2019', '2020', '2021']",5.0,5.0,119.0
9vQ222oeQK,Hayley Raso,1994-09-05,Australia,MF,W,,,"['2016', '2017', '2018', '2019']",5.0,4.0,
9vQ22aGxQK,Julie Ertz,1992-04-06,USA,DF,CB,MF,DM,"['2016', '2017', '2018', '2019', '2020', '2021', '2023']",5.0,7.0,135.0
9vQ22eXYQK,Meg Morris,1992-05-11,USA,DF,FB,MF,W,"['2016', '2017']",5.0,2.0,
9vQ22Km7QK,Kaitlyn Torpey,2000-03-17,Australia,DF,FB,,,2024,5.0,6.0,
9vQ22r1mQK,Ann-Katrin Berger,1990-10-09,Germany,GK,GK,,,2024,5.0,11.0,139.0
9vQ22xyLQK,Aubrey Kingsbury,1991-11-20,USA,GK,GK,,,"['2016', '2017', '2018', '2019', '2020', '2021', '2022', '2023', '2024']",5.0,9.0,
9vQ244vx5K,Charlotte Mclean,2000-03-01,Australia,,,,,{},5.0,7.0,126.0
9vQ2d4jx5K,Sophie Schmidt,1988-06-28,Canada,MF,DM,,,"['2019', '2020', '2021', '2022', '2023', '2024']",5.0,8.0,157.0
9vQ2d8nx5K,Mollie Pathman,1992-07-01,USA,DF,FB,,,2016,5.0,4.0,
9vQ2dnK95K,Yuki Nagasato,1987-07-15,Japan,MF,W,,,"['2017', '2018', '2019', '2020', '2021', '2022', '2023', '2024']",5.0,6.0,132.0
9vQ2dZ695K,Hope Solo,1981-07-30,USA,GK,GK,,,2016,5.0,9.0,
9vQ2NNoeQK,Isabel Dehakiz,2000-07-19,Colombia,,,,,{},5.0,5.0,
9vQ2Z1x7QK,Ryan Torrero,1990-09-01,Chile,,,,,{},5.0,9.0,141.0
9vQ2Z7baQK,Brooke Hendrix,1993-05-06,USA,DF,CB,,,"['2020', '2021']",5.0,11.0,
9vQ2Z9V7QK,Valérie Gauvin,1996-06-01,France,FW,ST,,,2022,5.0,8.0,
9vQ2ZedoQK,Mandy McGlynn,1998-11-03,USA,GK,GK,,,"['2021', '2023', '2024']",5.0,9.0,
9vQ2ZkJmQK,Vanessa Kara,1996-11-27,USA,MF,W,,,2021,5.0,4.0,
9vQ2Zy9LQK,Gabby Seiler,1994-09-14,USA,MF,CM,,DM,"['2019', '2020', '2021']",5.0,5.0,
9Yqd63z7Mv,Mal Swanson,1998-04-29,USA,MF,W,FW,W,"['2017', '2018', '2019', '2020', '2021', '2022', '2023', '2024']",5.0,4.0,119.0
9Yqd6bA7Mv,Kristen Hamilton,1992-04-17,USA,FW,ST,,,"['2016', '2017', '2018', '2019', '2020', '2021', '2022', '2023', '2024']",5.0,4.0,
9Yqd6bg7Mv,Brittany Kolmel,1987-09-18,USA,DF,FB,,,"['2016', '2017']",5.0,8.0,
9Yqd6LYoMv,Jéssica Silva,1994-12-11,Portugal,FW,W,MF,W,"['2021', '2024']",5.0,7.0,119.0
9Yqd6PL7Mv,Lindsey Heaps,1994-05-26,USA,MF,CM,,DM,"['2016', '2017', '2018', '2019', '2020', '2021']",5.0,9.0,168.0
9Yqdkgdm5v,Denise O'Sullivan,1994-02-04,Republic of Ireland,MF,DM,,CM,"['2016', '2017', '2018', '2019', '2020', '2021', '2022', '2023', '2024']",5.0,4.0,
9YqdkwPR5v,Lianne Sanderson,1988-02-03,England,MF,AM,,,2016,5.0,8.0,
9Yqdog7k5v,Simone Charley,1995-02-04,USA,FW,ST,,,"['2019', '2020', '2021', '2022', '2023']",5.0,8.0,
9YqdoLJE5v,Bianca St. Georges,1997-07-28,Canada,DF,FB,MF,W,"['2020', '2021', '2022', '2023', '2024']",5.0,6.0,
9YqdoxJm5v,Penelope Hocking,1999-12-29,USA,MF,W,,,"['2023', '2024']",5.0,5.0,
9YqdoyGO5v,Brianna Visalli,1995-04-17,USA,FW,W,,,"['2020', '2021', '2022']",5.0,2.0,
9YqdoYPo5v,Sophie Jones,2001-07-17,USA,MF,CM,,,2023,5.0,5.0,
9Yqdozxk5v,Maya McCutcheon,2002-04-12,USA,,,,,{},,,
9YqdoZzk5v,Olivia Wade-Katoa,1999-12-28,USA,MF,DM,,,2024,,,
9Yqdw4ko5v,Zoe Burns,2002-01-05,Canada,DF,FB,,,2024,5.0,2.0,
9YqdwJ8R5v,Tess Boade,1999-02-03,USA,FW,ST,,,"['2022', '2023', '2024']",,,
9z5k33xJ5A,Cosette Morche,1997-06-09,USA,,,,,{},,,
9z5k730a5A,Ji So-Yun,1991-02-21,South Korea,FW,ST,MF,AM,2024,5.0,3.0,
9z5k7azJ5A,Maya Hayes,1992-03-26,USA,FW,ST,,,"['2016', '2017']",,,
9z5k7ENJ5A,Kiara Pickett,1999-04-30,USA,DF,FB,MF,DM,"['2021', '2022', '2023', '2024']",5.0,0.0,
9z5k7G0J5A,Kelly Conheeney,1991-01-24,USA,FW,ST,MF,CM,2016,,,
9z5k7G3l5A,Rachel Wood,1990-05-10,USA,MF,DM,DF,CB,2016,6.0,0.0,
9z5k7GpK5A,Alli Murphy,1994-05-13,Republic of Ireland,DF,FB,,,2018,5.0,3.0,
9z5k7GVJ5A,Melissa Henderson,1989-08-23,USA,FW,W,,,"['2016', '2017']",,,
9z5k7k7d5A,Shea Groom,1993-03-04,USA,MF,CM,,,"['2016', '2017', '2018', '2019', '2020', '2021', '2022', '2023', '2024']",5.0,6.0,
9z5k7NAP5A,Becca Moros,1985-05-06,USA,DF,FB,,,"['2016', '2017', '2018', '2019']",5.0,5.0,
9z5k7P4g5A,Alyssa Naeher,1988-04-20,USA,GK,GK,,,"['2016', '2017', '2018', '2019', '2020', '2021', '2022', '2023', '2024']",5.0,9.0,152.0
9z5k7pPJ5A,Ariana Calderón,1990-05-12,Mexico,FW,ST,,,2019,5.0,5.0,
9z5k7wOP5A,Parker Goins,1998-12-08,USA,MF,W,FW,ST,"['2022', '2023', '2024']",5.0,10.0,
9z5k7y9b5A,Gabriela Guillén,1992-03-01,Costa Rica,,,,,{},5.0,1.0,128.0
9z5ka3RKQA,Rosie White,1993-06-06,New Zealand,MF,CM,,,"['2017', '2018', '2019', '2020', '2021']",5.0,5.0,139.0
9z5kaPweQA,Bruna Benites,1985-10-16,Brazil,DF,CB,,,2017,5.0,5.0,
9z5kbD6aMA,Eliza Bona,,USA,FW,ST,,,2018,,,
9z5kbv7KMA,Isabella Obaze,2002-10-30,Denmark,DF,CB,,,2024,5.0,10.0,
9z5kbV9lMA,Imani Dorsey,1996-03-21,USA,DF,FB,,,"['2018', '2019', '2020', '2021', '2022', '2024']",5.0,7.0,
9z5kbvLaMA,Kelsey Dossey,1996-07-13,USA,,,,,{},,,
9z5kWAOe5A,Sami Feller,,USA,DF,CB,,,2023,5.0,10.0,
9z5kWjNj5A,Madeline Moreau,2000-12-05,USA,DF,FB,,,2024,5.0,1.0,
a35rB2n25L,Kelly Rowswell,1998-01-28,USA,,,,,{},,,
a35rK2K2qL,Cheyna Matthews,1993-11-10,Jamaica,MF,W,FW,ST,"['2016', '2017', '2019', '2021', '2023']",5.0,9.0,
a35rK9a2qL,Anna Gilbertson,,Costa Rica,,,,,{},,,
a35rKEnoqL,Taryn Torres,1999-04-23,USA,MF,DM,,,"['2022', '2024']",5.0,6.0,
a35rKl1bqL,Claire Winter,,USA,,,,,{},,,
a35rKl3oqL,Mallory Weber,1994-04-04,USA,DF,FB,,,"['2016', '2017', '2018', '2019', '2020', '2021', '2022', '2023']",5.0,6.0,
a35rKneLqL,CoCo Goodson,1990-06-19,USA,DF,CB,,,2016,,,
a35rKoNwqL,Kaiya McCullough,1998-05-29,USA,,,,,{},5.0,8.0,
a35rKRboqL,Zsanett Kajan,1997-09-16,Hungary,,,,,{},,,
a35rKY7oqL,Catherine Parkhill,1990-05-27,,,,,,{},,,
a35rKYzoqL,Cali Farquharson,1993-12-17,USA,MF,W,,,"['2016', '2017', '2018', '2019', '2022']",5.0,7.0,
a35rlBbBQL,Monica Alvarado,1991-01-11,Mexico,,,,,{},5.0,5.0,
a35ry6BLML,Ally Sentnor,2004-02-18,USA,MF,AM,,,2024,5.0,4.0,
a35ryBJwML,Kiki Van Zanten,2001-08-25,Jamaica,DF,FB,,,2024,5.0,1.0,132.0
a35ryBRGML,Zaneta Wyne,1990-08-03,USA,DF,FB,,,"['2022', '2023']",5.0,6.0,130.0
a35ryeZLML,Veronica Latsko,1995-12-12,USA,MF,W,,,"['2018', '2019', '2020', '2021', '2022', '2023', '2024']",5.0,8.0,
a35ryrgKML,Nicole Payne,2001-01-18,Nigeria,DF,FB,,,2024,5.0,5.0,
a35ryvOKML,Peyton Perea,1997-03-28,USA,MF,CM,,,2020,5.0,8.0,
aDQ0aNglME,Ashlyn Harris,1985-10-19,USA,GK,GK,,,"['2016', '2017', '2018', '2019', '2020', '2021', '2022']",5.0,9.0,146.0
aDQ0aplvME,Ana Maria Crnogorcevic,1990-10-03,Switzerland,FW,ST,,,"['2018', '2019', '2024']",5.0,9.0,143.0
aDQ0l9YvQE,Maia Pérez,1999-10-19,USA,,,,,{},,,
aDQ0lPXGQE,Mikaela Howell,,England,DF,FB,,,2020,,,
aDQ0Nbav5E,Jorian Baucom,,USA,FW,ST,,,"['2021', '2022']",,,
aDQ0ND9G5E,Ally Haran,1996-05-21,Canada,DF,FB,,,"['2020', '2021']",5.0,9.0,
aDQ0NDgR5E,Emina Ekic,1999-06-06,USA,MF,W,,,"['2021', '2022', '2023']",5.0,4.0,
aDQ0Neav5E,Julia Bingham,1998-05-25,USA,DF,FB,,,2020,,,
aDQ0NLmE5E,Croix Bethune,2001-03-14,USA,MF,AM,,,2024,5.0,3.0,
aDQ0Nv325E,Lauren Costa,2002-09-13,Brazil,DF,CB,,,"['2023', '2024']",5.0,10.0,143.0
aDQ0NWGP5E,Katy Byrne,1996-10-21,USA,,,,,{},5.0,5.0,
aDQ0NXov5E,Haley Bugeja,2004-05-05,Malta,MF,W,FW,ST,"['2022', '2023']",,,
aDQ0NYeB5E,Lysianne Proulx,1999-04-17,Canada,GK,GK,,,2024,5.0,7.0,139.0
aDQ0P8BRQE,Savannah Jordan,1995-01-24,USA,FW,ST,,,"['2017', '2018']",5.0,7.0,
aDQ0PeEBQE,Ashley Nick,1987-10-27,USA,MF,CM,,,2016,,,
aDQ0PLRpQE,Mimmi Larsson,1994-04-09,Sweden,FW,ST,,,2023,5.0,6.0,143.0
aDQ0PPgWQE,Clarisse Le Bihan,1994-12-14,France,MF,AM,FW,ST,"['2022', '2023', '2024']",5.0,8.0,
aDQ0PXxpQE,Michele Dalton,1988-11-05,USA,GK,GK,,,"['2016', '2017']",,,
aDQ0PXyGQE,Kaitlyn Savage,1990-10-27,USA,GK,GK,,,2016,,,
aDQ0x3YEQE,Hannah Anderson,2001-04-03,USA,DF,CB,,,2024,,,
aDQ0xDDPQE,Ally Cook,2000-07-18,USA,FW,ST,,,2024,,,
BLMv601AMx,Savannah Uveges,,USA,MF,W,,,2020,,,
BLMv77ZR5x,Jordan Brewster,1999-09-27,USA,DF,CB,,,2024,5.0,9.0,
BLMv78mR5x,Hina Sugita,1997-01-31,Japan,MF,CM,,,"['2022', '2023', '2024']",5.0,4.0,117.0
BLMv7jlj5x,Alison Jahansouz,1996-12-29,USA,,,,,{},5.0,10.0,
BLMv7Klj5x,Isabel Rodriguez,1999-04-13,USA,DF,FB,,,"['2022', '2023', '2024']",5.0,4.0,
BLMv7kn85x,Payton Linnehan,2001-03-25,USA,MF,W,,,2024,5.0,5.0,
BLMv7oZO5x,Barbra Banda,2000-03-20,Zambia,FW,ST,,,2024,5.0,0.0,137.0
BLMvkAnB5x,Mille Jensen,1999-09-23,Denmark,MF,W,,,2023,,,
BLMvl6k7qx,Stephanie Labbé,1986-10-10,Canada,GK,GK,,,"['2016', '2017', '2019', '2020']",5.0,10.0,139.0
BLMvl7ABqx,Yael Averbuch,1986-11-03,USA,DF,CB,,,"['2016', '2017', '2018']",5.0,10.0,150.0
BLMvrenOMx,McKinley Crone,1998-10-20,USA,,,,,{},,,
BLMvrGGOMx,Landy Mertz,2000-07-19,USA,DF,CB,,,2024,,,
BLMvrre7Mx,Riley Tanner,1999-10-15,Panama,DF,FB,MF,CM,2023,,,
BLMvz047Mx,Alyssa Kleiner,1993-04-01,USA,DF,FB,,,"['2016', '2017', '2018']",5.0,9.0,
BLMvzAG7Mx,Elizabeth Addo,1993-09-01,Ghana,FW,W,,,2018,5.0,4.0,
BLMvzAX3Mx,Nickolette Driesse,1994-11-08,USA,MF,W,FW,ST,"['2017', '2018']",,,
BLMvzE4WMx,Shannon Horgan,1996-02-01,USA,,,,,{},5.0,5.0,
BLMvzNdBMx,Michelle Cruz,1992-05-14,USA,MF,W,,,2016,5.0,6.0,
BLMvzNvlMx,Sierra Lelii,,USA,,,,,{},5.0,7.0,
BLMvzrdlMx,Morgan Andrews,1995-03-25,USA,MF,CM,,DM,"['2017', '2018', '2019', '2020']",5.0,9.0,
BLMvzVyXMx,Sam Coffey,1998-12-31,USA,MF,DM,,,"['2022', '2023', '2024']",5.0,5.0,
e7Mz0Oxeqr,Jenna Butler,2000-01-18,USA,MF,CM,,,2024,,,
e7Mz9JKeQr,Carli Lloyd,1982-07-16,USA,FW,ST,,,"['2016', '2017', '2018', '2019', '2021']",5.0,8.0,
e7Mz9KJJQr,Theresa Eslund,1986-07-20,Denmark,DF,FB,,,"['2018', '2019']",5.0,6.0,
e7MzAKROQr,Lily Woodham,2000-09-03,Wales,DF,FB,,,2024,5.0,3.0,
e7MzJbOeMr,Cristina Roque,2001-11-06,Puerto Rico,GK,GK,,,2024,,,
e7MzJJDXMr,Emily Gray,2000-10-05,USA,MF,CM,,,"['2022', '2024']",,,
e7MzJKkOMr,Averie Collins,1997-03-03,USA,FW,ST,,,"['2020', '2022']",5.0,11.0,
e7MzJRO7Mr,Delanie Sheehan,1999-01-13,USA,MF,CM,,,"['2021', '2022', '2023', '2024']",,,
e7Mzl1vJqr,Allie Wisner,1990-10-12,USA,,,,,{},5.0,7.0,
e7Mzl1Z6qr,Kassey Kallman,1992-05-06,USA,DF,CB,,FB,"['2016', '2017']",5.0,8.0,
e7MzlELeqr,Tegan McGrady,1997-10-11,USA,DF,FB,,,"['2019', '2020', '2021', '2022', '2023']",5.0,6.0,
e7MzlGkjqr,Jen Hoy,1991-01-18,USA,FW,ST,,,"['2016', '2017', '2018', '2019']",5.0,5.0,
e7Mzllbeqr,Samantha Witteman,1994-02-26,USA,DF,FB,MF,W,"['2016', '2017']",,,
e7MzlyXGqr,Thembi Kgatlana,1996-05-02,South Africa,FW,W,MF,W,"['2018', '2023']",5.0,1.0,110.0
e7Mzlyyeqr,Ella Stevens,1997-12-11,USA,FW,ST,,,"['2020', '2021', '2022', '2023', '2024']",,,
EGMPlAeyMa,Rachel Corsie,1989-08-17,Scotland,DF,CB,,,"['2016', '2017', '2018', '2019', '2020', '2021']",5.0,9.0,
EGMPlJ8VMa,Whitney Engen,1987-11-28,USA,DF,CB,,,2016,5.0,7.0,143.0
EGMPlrnyMa,Lady Andrade,1992-01-10,Colombia,MF,CM,,,2016,5.0,7.0,137.0
EGMPlRrrMa,Emilie Haavi,1992-06-16,Norway,FW,W,MF,W,2017,5.0,5.0,
EGMPn0zxqa,Zoe Morse,1998-04-01,USA,DF,CB,,,"['2020', '2021', '2022']",5.0,7.0,
EGMPn76xqa,Kate Scheel,1994-08-06,USA,,,,,{},,,
EGMPn7Dxqa,Catherine Zimmerman,1995-01-15,USA,MF,W,,,2016,,,
EGMPn8O3qa,Janice Cayman,1988-10-12,Belgium,DF,FB,,,2016,,,
EGMPneD4qa,Katie Zelem,1996-01-20,England,MF,DM,,,2024,5.0,4.0,117.0
EGMPnK94qa,Hayley Dowd,1994-09-07,USA,MF,W,,,2017,,,
EGMPnKgxqa,María Sánchez,1996-02-20,Mexico,MF,W,,,"['2019', '2021', '2022', '2023', '2024']",5.0,5.0,
EGMPnYB4qa,Meleana Shim,1991-09-25,USA,MF,DM,,,"['2016', '2017', '2018', '2023']",5.0,4.0,
EGMPnZPjqa,Quinn,1995-08-11,Canada,MF,DM,,,"['2018', '2019', '2020', '2021', '2022', '2023', '2024']",5.0,9.0,146.0
EGMPR9DVqa,Mikenna McManus,1999-07-26,USA,DF,FB,,,2022,,,
EGMPrB60qa,Mackenzie Pluck,2000-04-12,USA,MF,W,,,2023,,,
EGMPrO6rqa,Princess Marfo,2003-10-02,Ghana,FW,W,,,2024,,,
EGMPRWj4qa,Paulina Gramaglia,2003-03-21,Argentina,MF,DM,,,2022,,,
EGMPRz6kqa,Amanda Allen,2005-02-21,Canada,MF,W,,,"['2023', '2024']",5.0,4.0,
EGMPZ1x3qa,Cassidy Benintente,1994-06-12,USA,DF,FB,,,2017,5.0,2.0,
EGMPZ6Zxqa,Michele Vasconcelos,1994-05-11,USA,MF,W,FW,W,"['2018', '2019', '2020', '2021', '2022', '2023', '2024']",5.0,5.0,
EGMPZanrqa,Alyssa Malonson,1999-04-09,USA,DF,FB,,,"['2023', '2024']",,,
EGMPZBdjqa,Nádia Gomes,1996-11-09,Portugal,MF,W,,,2024,5.0,5.0,
eV5D022O5K,Manon Melis,1986-08-31,Netherlands,FW,ST,,,2016,5.0,5.0,
eV5D27XYQK,Croix Soto,2001-01-02,USA,DF,CB,,,"['2023', '2024']",5.0,10.0,
eV5D2w7JQK,Jyllissa Harris,2000-04-08,USA,DF,CB,,,"['2023', '2024']",5.0,8.0,
eV5Dk4j9MK,Kelly Fitzgerald,1994-10-20,USA,,,,,{},5.0,5.0,
eV5DkJZAMK,Sarah Griffith,1999-08-10,USA,FW,W,,,"['2022', '2023', '2024']",,,
eV5DklVaMK,Sarah Sodoma,1998-09-04,USA,,,,,{},,,
eV5DL1R95K,Alexa Spaanstra,2000-02-01,USA,MF,W,FW,W,"['2023', '2024']",5.0,5.0,
eV5DLE8Z5K,Ellie Carpenter,2000-04-28,Australia,DF,FB,,,"['2018', '2019']",5.0,5.0,132.0
eV5DLEjY5K,Brooke Elby,1993-05-24,USA,DF,FB,,,"['2016', '2017', '2018', '2019']",5.0,4.0,
eV5DLgAm5K,Samantha Johnson,1991-06-10,USA,DF,CB,,,"['2016', '2017', '2018', '2019']",5.0,5.0,
eV5DLK7A5K,Kealia Watt,1992-01-31,USA,MF,W,,,"['2016', '2017', '2018', '2019', '2020', '2021']",5.0,5.0,
eV5DLm3J5K,Felicitas Rauch,1996-04-30,Germany,DF,FB,,,2024,5.0,6.0,128.0
eV5DLY795K,Tiffany McCarty,1990-12-14,USA,MF,W,,,"['2016', '2018', '2019']",5.0,4.0,
eV5DLYZ95K,Estefanía Banini,1990-06-21,Argentina,MF,W,,,"['2016', '2017', '2018']",5.0,4.0,
eV5Dz11YQK,Courtney Brown,2000-11-25,USA,MF,W,,,2024,5.0,4.0,
eV5Dz239QK,Gabi,1994-04-26,Brazil,MF,CM,,,2019,5.0,6.0,
eV5DzaEmQK,Angelina Anderson,2001-03-22,USA,GK,GK,,,"['2023', '2024']",5.0,11.0,
eV5DzeXAQK,Riley Jackson,2005-12-02,USA,MF,CM,,DM,2024,5.0,8.0,126.0
eV5DzkDJQK,Samantha Meza,2001-11-07,USA,,,,,{},5.0,2.0,
eV5Dzp7nQK,Marisa DiGrande,1997-02-05,USA,MF,DM,,CM,"['2019', '2020', '2021', '2022', '2023', '2024']",5.0,4.0,
eV5DzpYYQK,Alexa Kimball,1995-09-21,USA,,,,,{},5.0,7.0,126.0
eV5DzwJJQK,Chardonnay Curran,1999-09-27,USA,MF,CM,,,"['2022', '2023', '2024']",,,
eV5DzwxEQK,Abby Elinsky,1996-01-08,USA,FW,ST,,,"['2018', '2019', '2020']",5.0,9.0,110.0
eVq32V2v5W,Crystal Thomas,1994-01-18,USA,MF,W,,,"['2017', '2019', '2020', '2021']",5.0,4.0,
eVq3axOvMW,Kelley O'Hara,1988-08-04,USA,DF,FB,,,"['2016', '2017', '2018', '2019', '2020', '2021', '2022', '2023', '2024']",5.0,5.0,128.0
eVq3ay46MW,Katie Bowen,1994-04-15,New Zealand,DF,FB,,,"['2016', '2017', '2018', '2019', '2020', '2021', '2022']",5.0,7.0,123.0
eVq3ayjwMW,Lydia Williams,1988-05-13,Australia,GK,GK,,,"['2016', '2017', '2018', '2019']",5.0,9.0,139.0
eVq3j01X5W,Maureen Fitzgerald,,USA,MF,W,,AM,2016,5.0,3.0,
eVq3j0y65W,Kristie Mewis,1991-02-25,USA,MF,CM,,,"['2016', '2017', '2018', '2019', '2020', '2021', '2022', '2023']",5.0,7.0,141.0
eVq3ja3g5W,Katelyn Rowland,1994-03-16,USA,GK,GK,,,"['2016', '2017', '2018', '2019', '2020', '2021', '2022', '2023', '2024']",5.0,11.0,
eVq3jbPg5W,Tyler Lussi,1995-01-26,USA,MF,W,,,"['2017', '2018', '2019', '2020', '2021', '2022', '2023', '2024']",5.0,7.0,
eVq3jmaw5W,Nérilia Mondésir,1999-01-17,Haiti,MF,AM,,,2024,5.0,2.0,126.0
eVq3jrvw5W,Wang Shuang,1995-01-23,China,FW,W,,,"['2022', '2023']",5.0,5.0,
eVq3jWNv5W,Jordan Baggett,1996-10-28,USA,MF,CM,,,"['2019', '2020', '2021', '2022', '2023', '2024']",5.0,6.0,
eVq3jWwG5W,Sabrina D'Angelo,1993-05-11,Canada,GK,GK,,,"['2016', '2017', '2018']",5.0,8.0,150.0
eVq3jxzD5W,Ouleymata Sarr,1995-10-08,France,FW,ST,MF,W,"['2023', '2024']",5.0,9.0,
eVq3r30j5W,Susanna Friedrichs,1998-10-29,USA,,,,,{},5.0,4.0,
eVq3r4VV5W,Phair Casey Yu-Jin,2007-06-29,South Korea,,,,,{},5.0,10.0,150.0
eVq3rB0X5W,Shaelan Murison,1998-03-05,USA,MF,AM,,DM,2024,,,
eVq3rlb65W,Hal Hershfelt,2002-10-03,USA,MF,DM,,,2024,5.0,8.0,
eVq3rN7w5W,Catherine Paulson,2001-11-05,USA,,,,,{},,,
eVq3rXxv5W,Brenna Lovera,1997-03-12,USA,FW,ST,,,2023,5.0,8.0,
eVq3x4bgQW,Schuyler DeBree,1996-09-05,USA,DF,CB,,,2021,5.0,8.0,
eVq3xd6XQW,Julie Doyle,1996-12-31,USA,MF,DM,,,2019,5.0,10.0,
eVq3xlKGQW,Shae Yanez,1997-05-22,USA,GK,GK,,,"['2019', '2023']",5.0,8.0,
eVq3xoZDQW,Mariana Larroquette,1992-10-24,Argentina,FW,ST,,,"['2021', '2023', '2024']",5.0,3.0,128.0
eVq3xp1GQW,Jamie Gillis,1988-05-25,USA,,,,,{},,,
eVq3xvJGQW,Bruninha,2002-06-16,Brazil,DF,FB,,,"['2022', '2023', '2024']",5.0,3.0,143.0
eVq3xWNwQW,Hannah Davison,1997-04-09,USA,DF,CB,,,2020,5.0,8.0,
eVq3xXGgQW,Ella Shamburger,2000-01-18,USA,,,,,{},5.0,6.0,
eVq3xy8wQW,Julia Roddar,1992-02-16,Sweden,MF,DM,DF,FB,"['2021', '2022']",5.0,6.0,132.0
eVq3y1GwMW,Mariana Speckmaier,1997-12-26,Venezuela,MF,W,FW,W,"['2021', '2023']",5.0,5.0,
eVq3y1NgMW,Amber Marshall,,USA,MF,CM,,,2021,,,
eVq3y1WvMW,Cloe Lacasse,1993-07-07,Canada,MF,W,,,2024,5.0,7.0,123.0
eVq3y7KnMW,Annika Creel,1997-07-14,USA,,,,,{},,,
eVq3yAovMW,Tristin Stuteville,,,,,,,{},5.0,6.0,
eVq3yWJgMW,Kelly Ann Livingstone,1998-11-24,USA,DF,CB,,,2022,,,
eVq3ywVGMW,Kaylie Collins,1998-05-17,USA,GK,GK,,,"['2022', '2023']",,,
eVq3yyanMW,Freja Olofsson,1998-05-24,Sweden,MF,DM,,,"['2021', '2022']",,,
eVq3yzXDMW,Cheyenne Shorts,,,DF,CB,,,"['2022', '2023']",,,
gjMN6dzBMK,Cyera Hintzen,1997-10-28,USA,MF,CM,FW,W,2023,5.0,5.0,
gjMN6KX0MK,Kayla Hamric,1998-12-08,Canada,,,,,{},5.0,6.0,
gjMN6mz3MK,Hannah Adler,1998-01-23,USA,,,,,{},,,
gjMN6nOpMK,Kim Hazlett,,USA,DF,FB,,,2020,,,
gjMN6ol0MK,Jillienne Aguilera,,USA,DF,FB,,,"['2022', '2023']",,,
gjMN6vA0MK,Aerial Chavarin,,USA,MF,DM,,,2020,,,
gjMN7bAK5K,McKenzie Weinert,1998-12-02,USA,MF,W,,,"['2023', '2024']",,,
gjMN7GgY5K,Temwa Chawinga,1998-09-20,Malawi,MF,W,,,2024,5.0,8.0,
gjMNj3VpMK,Hildah Magaia,1994-12-16,South Africa,MF,W,,,2024,5.0,4.0,
gjMNjpVpMK,Gaby Vincent,1997-12-07,USA,MF,DM,DF,CB,"['2019', '2020', '2021', '2022']",5.0,8.0,
gjMNjwJkMK,Sarah Shimer,,USA,,,,,{},5.0,7.0,
gjMNR1gvMK,Claire Lavogez,1994-06-18,France,FW,ST,,,"['2022', '2023', '2024']",5.0,8.0,139.0
gjMNRAm4MK,Ebony Salmon,2001-01-27,England,FW,ST,,,"['2021', '2022', '2023']",,,
gjMNRdRDMK,Stephanie McCaffrey,1993-02-18,USA,FW,ST,,,"['2016', '2017', '2018']",5.0,6.0,
gjMNRDxDMK,Andi Sullivan,1995-12-20,USA,MF,DM,,,"['2018', '2019', '2020', '2021', '2022', '2023', '2024']",5.0,7.0,
gjMNRDZYMK,Katherine Reynolds,1987-09-14,USA,DF,CB,,FB,"['2016', '2017', '2018', '2019', '2020']",5.0,8.0,
gjMNRNg3MK,Caroline Van Slambrouck,1992-09-28,USA,,,,,{},5.0,10.0,
gjMNRNl3MK,Dijana Haracic,1992-04-12,Bosnia and Herzegovina,GK,GK,,,"['2017', '2018', '2019', '2020', '2021', '2022', '2023', '2024']",5.0,9.0,
gjMNRyokMK,Michaela Hahn,1994-04-19,USA,MF,CM,,DM,2016,5.0,4.0,
gjMNv6j4MK,Amandine Henry,1989-09-28,France,MF,DM,,CM,"['2016', '2017', '2023', '2024']",5.0,7.0,141.0
gOMn2eV6Mw,Mandy Freeman,1995-03-23,USA,DF,CB,,,"['2017', '2018', '2020', '2021', '2022', '2023', '2024']",5.0,8.0,
gOMn6X8BMw,Emily Sonnett,1993-11-25,USA,DF,CB,,,"['2016', '2017', '2018', '2019', '2021', '2022', '2023', '2024']",5.0,7.0,
gOMn6Yd6Mw,Rumi Utsugi,1988-12-05,Japan,MF,DM,,CM,"['2016', '2017', '2018', '2019']",5.0,6.0,139.0
gOMnazzXQw,Alex Kerr,2001-07-23,USA,FW,ST,,,2024,5.0,9.0,
gOMnlaKJqw,Chelsie Dawber,2000-01-12,Australia,FW,ST,,,2022,,,
gOMnljxOqw,Machaela George,,USA,DF,FB,,,2021,5.0,7.0,
gOMnlVG8qw,Morgan Weaver,1997-10-18,USA,FW,W,,ST,"['2020', '2021', '2022', '2023', '2024']",5.0,10.0,
gOMnlyvBqw,Maliah Morris,2000-12-31,USA,MF,W,,,2023,5.0,5.0,
gOMnR6AAMw,Vanessa DiBernardo,1992-05-15,USA,MF,AM,,CM,"['2016', '2017', '2018', '2019', '2020', '2021', '2022', '2023', '2024']",5.0,4.0,
gOMnRAAJMw,Caroline Flynn,1994-02-28,USA,MF,W,,CM,2017,,,
gOMnRbbAMw,Yuri Kawamura,1989-05-17,Japan,DF,CB,,,"['2017', '2018']",5.0,6.0,126.0
gOMnRboOMw,Carson Pickett,1993-09-15,USA,DF,FB,,,"['2016', '2017', '2018', '2019', '2021', '2022', '2023', '2024']",5.0,8.0,
gOMnRdyOMw,Allie Long,1987-08-13,USA,MF,DM,,,"['2016', '2017', '2018', '2019', '2020', '2021', '2023']",5.0,8.0,130.0
gOMnREd8Mw,Jaelin Howell,1999-11-21,USA,MF,DM,,,"['2022', '2023', '2024']",5.0,8.0,
gOMnREv8Mw,Amanda Dennis,1998-05-25,USA,GK,GK,,,2021,6.0,0.0,
gOMnREWAMw,Taylor Otto,1997-10-23,USA,MF,DM,,,"['2021', '2022']",5.0,10.0,
gOMnRnK8Mw,Caroline Casey,1994-05-27,USA,GK,GK,,,"['2016', '2017', '2018']",5.0,8.0,
gOMnRnYmMw,Kylie Strom,1992-03-18,USA,DF,FB,,CB,"['2016', '2021', '2022', '2023', '2024']",5.0,8.0,
gOMnRNZAMw,Emily Boyd,1996-07-25,USA,GK,GK,,,"['2018', '2019', '2020', '2021', '2022', '2023']",5.0,9.0,
gOMnRrGBMw,Laura Liedle,1994-03-11,USA,,,,,{},5.0,5.0,
gOMnY42OQw,Ryan Gareis,1998-11-13,USA,MF,W,,,"['2022', '2023', '2024']",,,
gOMnYAkBQw,Hope Breslin,1999-03-10,USA,DF,FB,,,"['2022', '2023']",,,
gOMnYAOxQw,Cameron Tucker,1999-07-15,USA,MF,W,,,"['2022', '2023', '2024']",,,
gOMnYEXBQw,Ava Cook,2000-07-05,USA,FW,ST,,,"['2022', '2023', '2024']",,,
gOMnYo8lQw,Taylor Hansen,,USA,DF,FB,,,2022,,,
gOMnYXe6Qw,Amanda West,2001-02-11,Canada,DF,FB,FW,ST,2024,,,
gpMOa0nlqz,Emily Fox,1998-07-05,USA,DF,FB,,,"['2021', '2022', '2023']",5.0,6.0,
gpMOa13Oqz,Thaisa,1988-12-17,Brazil,MF,DM,,CM,2018,5.0,5.0,128.0
gpMOaLbDqz,Cari Roccaro,1994-07-18,USA,MF,DM,,,"['2016', '2017', '2018', '2019', '2020', '2021', '2022', '2023', '2024']",5.0,6.0,
gpMOapp1qz,Meggie Dougherty Howard,1995-07-27,USA,MF,CM,,DM,"['2017', '2018', '2019', '2020', '2021', '2022', '2023', '2024']",5.0,5.0,
gpMOay2Dqz,Caroline Stanley,1993-03-16,USA,GK,GK,,,"['2016', '2017']",5.0,10.0,
gpMOayenqz,Katie Schoepfer,1988-11-10,USA,MF,DM,,,2016,5.0,8.0,
gpMOeGZrqz,Victoria Pickett,1996-08-12,Canada,MF,CM,,,"['2021', '2022', '2023', '2024']",,,
gpMOekr2qz,Lily Nabet,1999-09-24,USA,MF,DM,,,"['2022', '2023', '2024']",5.0,3.0,
gpMOep8Rqz,Marisa Bova,2000-06-09,USA,,,,,{},,,
gpMOeRG2qz,Natalie Beckman,2000-03-25,USA,DF,FB,,,"['2022', '2023']",,,
gpMOL3oy5z,Lyza Bosselmann,2001-07-27,USA,GK,GK,,,2024,,,
gpMOLNLy5z,Gracie Brian,2001-08-28,USA,,,,,{},5.0,6.0,130.0
gpMOo3K7Mz,Anna Heilferty,1999-04-17,USA,DF,FB,,,"['2021', '2022', '2024']",5.0,3.0,
gpMOoD77Mz,Colette Smith,,USA,,,,,{},,,
gpMOoG6nMz,Julia Ashley,1996-11-11,USA,DF,FB,,CB,"['2021', '2022']",5.0,8.0,
gpMOoGgDMz,Samantha Staab,1997-03-28,USA,DF,CB,,,"['2019', '2020', '2021', '2022', '2023', '2024']",5.0,7.0,
gpMOoJjEMz,Camryn Biegalski,1998-08-11,USA,DF,FB,,,"['2020', '2021', '2022', '2023', '2024']",,,
gpMOol9nMz,Ally Lemos,2004-03-04,USA,MF,CM,,,2024,5.0,7.0,
gpMOoXeOMz,Ashley Sanchez,1999-03-16,USA,MF,AM,,,"['2020', '2021', '2022', '2023', '2024']",5.0,4.0,
gpMOzBW7Qz,Molly Menchel,1991-12-05,USA,DF,FB,,,2016,,,
gpMOzddlQz,Rebekah Stott,1993-06-17,New Zealand,DF,FB,,CB,"['2017', '2018']",5.0,8.0,135.0
gpMOzmn1Qz,Annaïg Butel,1992-02-15,France,DF,CB,,,"['2023', '2024']",5.0,6.0,112.0
gpMOzoKnQz,Gemma Bonner,1991-07-13,England,DF,CB,,,"['2021', '2022']",5.0,9.0,
gpMOzomrQz,Jade Moore,1990-10-22,England,MF,DM,,,2021,5.0,5.0,
jYQJ17DdqG,Rosella Ayane,1996-03-16,Morocco,FW,ST,,,2024,5.0,11.0,132.0
jYQJ1ajVqG,Tobin Heath,1988-05-29,USA,MF,W,,,"['2016', '2017', '2018', '2019', '2022']",5.0,6.0,130.0
jYQJ1g8dqG,Ali Riley,1987-10-30,New Zealand,DF,FB,,,"['2021', '2022', '2023', '2024']",5.0,5.0,119.0
jYQJa0vBqG,Ellis Wheeler,2001-12-14,USA,DF,FB,,,2024,,,
jYQJabREqG,Konya Plummer,1997-08-02,Jamaica,DF,CB,,,"['2020', '2021']",5.0,8.0,130.0
jYQJaBrVqG,Claudia Zornoza,1990-10-20,Spain,MF,DM,,,2024,5.0,5.0,126.0
jYQJaJydqG,Taylor Porter,1997-10-29,USA,MF,DM,,,"['2021', '2022', '2023']",,,
jYQJaJzDqG,Lainey Burdett,1996-12-22,USA,GK,GK,,,2019,5.0,10.0,
jYQJavePqG,Madison Hammond,1997-11-15,USA,MF,DM,,,"['2020', '2021', '2022', '2023', '2024']",5.0,8.0,
jYQJaw3kqG,Jaye Boissiere,1996-02-16,USA,MF,CM,,,2020,5.0,2.0,
jYQJg0EdMG,Elyse Bennett,1999-08-10,USA,FW,ST,,,"['2022', '2023', '2024']",,,
jYQJg0lEMG,Gabby Provenzano,1999-08-07,USA,DF,CB,,,"['2022', '2023']",,,
jYQJgGXWMG,Olivia Van Der Jagt,1999-07-07,,MF,DM,,,"['2022', '2023', '2024']",,,
jYQJz0WVQG,Madeline Nolf,1996-03-29,USA,DF,FB,,,"['2019', '2020', '2021', '2022']",5.0,3.0,
jYQJz0XZQG,Jun Endo,2000-05-24,Japan,MF,W,,,"['2022', '2023']",5.0,5.0,
jYQJz1mZQG,Britt Eckerstrom,1993-05-28,USA,GK,GK,,,"['2016', '2018', '2019', '2020']",5.0,8.0,135.0
jYQJzkdZQG,Shade Pratt,1993-04-02,USA,MF,W,,,2016,5.0,7.0,
jYQJzkgyQG,Elise Kreighoff,1993-11-18,USA,FW,ST,,,2016,,,
jYQJzkYyQG,Rebekah Roller,1991-12-16,USA,,,,,{},,,
jYQJzWeyQG,Reiss,1999-12-09,Brazil,MF,W,,,"['2022', '2023']",5.0,6.0,
jYQJzwXyQG,Maitane López,1995-03-13,Spain,DF,CB,,,"['2023', '2024']",5.0,9.0,135.0
KAqB99w75b,Amy Harrison,1996-04-21,Australia,DF,FB,,,2019,5.0,7.0,130.0
KAqB9G4A5b,Jeon Ga-Eul,1988-09-14,South Korea,MF,CM,,,2016,5.0,4.0,
KAqB9gvJ5b,Brianna Smallidge,1993-11-26,USA,,,,,{},5.0,10.0,
KAqB9Y8X5b,Shelina Zadorsky,1992-10-24,Canada,DF,CB,,,"['2016', '2017', '2018', '2019']",5.0,8.0,148.0
KAqBjk9Vqb,Clare Polkinghorne,1989-02-01,Australia,DF,CB,,,"['2018', '2019']",5.0,7.0,148.0
KAqBjNlAqb,Meghan Klingenberg,1988-08-02,USA,DF,FB,,,"['2016', '2017', '2018', '2019', '2020', '2021', '2022', '2023', '2024']",5.0,2.0,126.0
KAqBk7P7Qb,Sydney Pulver,1999-06-10,USA,MF,DM,,,2022,,,
KAqBkgkXQb,Tarciane,2003-05-27,Brazil,DF,CB,,,2024,6.0,0.0,165.0
KAqBkKgvQb,Emily Sams,1999-07-01,USA,DF,CB,,,"['2023', '2024']",,,
KAqBN0dVqb,Rebecca Holloway,1995-08-25,Northern Ireland,DF,FB,,CB,"['2022', '2023']",,,
KAqBN4d7qb,Chinyelu Asher,1993-05-20,Jamaica,DF,FB,,,2021,5.0,6.0,
KAqBNlkJqb,Hanna Lundkvist,2002-07-17,Sweden,DF,FB,,,2024,5.0,7.0,137.0
KAqBNmrmqb,Tziarra King,1998-08-24,USA,MF,W,,,"['2020', '2021', '2022', '2023', '2024']",5.0,9.0,
KAqBNn1Zqb,Hannah Betfort,1999-01-04,USA,FW,ST,,,"['2021', '2022', '2023', '2024']",5.0,10.0,
KAqBNV2Wqb,Sydney Miramontez,1994-10-11,USA,DF,FB,,CB,"['2017', '2018', '2019', '2021']",5.0,7.0,
KAqBNYamqb,Morgan Reid,1995-06-13,USA,DF,CB,,,2019,5.0,7.0,
KAqBNz4mqb,Savannah McCaskill,1996-07-31,USA,MF,AM,,,"['2018', '2019', '2020', '2021', '2022', '2023', '2024']",5.0,4.0,
KAqBNzkXqb,Bárbara Olivieri,2002-02-24,Venezuela,MF,W,,,"['2023', '2024']",5.0,5.0,123.0
KAqBvJG4qb,Madison Ayson,2001-01-22,USA,FW,W,,,2024,,,
KAqBvLJXqb,Emeri Adames,2006-04-03,USA,MF,W,,,2024,5.0,3.0,
KAqBvzOBqb,Kelsey Hill,,USA,DF,FB,,,2023,,,
KPqj70wNQ6,Emily Alvarado,1998-06-09,Mexico,GK,GK,,,2023,5.0,9.0,
KPqj7gByQ6,Sarah Gorden,1992-09-13,USA,DF,CB,,,"['2016', '2017', '2018', '2019', '2020', '2021', '2023', '2024']",5.0,4.0,
KPqj7gN2Q6,Toni Pressley,1990-02-19,USA,DF,CB,,,"['2016', '2017', '2018', '2019', '2020', '2021', '2022']",5.0,11.0,
KPqj7klyQ6,Hanna Glas,1993-04-16,Sweden,DF,FB,,,2024,5.0,8.0,148.0
KPqj7omEQ6,Nichelle Prince,1995-02-19,Canada,FW,W,,,"['2017', '2018', '2019', '2020', '2021', '2022', '2023', '2024']",5.0,5.0,143.0
KPqj7WvEQ6,Claire Falknor,1993-05-12,USA,DF,FB,,,"['2017', '2018']",5.0,4.0,146.0
KPqjBOaNq6,Bea Franklin,2000-10-04,USA,MF,DM,,,2024,,,
KPqjBzzRq6,Emma Sears,2001-02-23,USA,MF,W,,,2024,5.0,9.0,
KPqjKjoPQ6,Madison Pogarch,1997-11-05,USA,DF,FB,,,"['2019', '2020', '2021', '2022', '2023', '2024']",5.0,6.0,
KPqjKkoPQ6,Savannah DeMelo,1998-03-26,USA,MF,CM,,,"['2022', '2023', '2024']",5.0,5.0,
KPqjKN9PQ6,Sandra Yu,1995-11-05,USA,,,,,{},5.0,4.0,
KPqjKodPQ6,Yanara Aedo,1993-08-05,Chile,,,,,{},5.0,1.0,115.0
KPqjKvrYQ6,Gisele Thompson,2005-12-02,USA,DF,FB,,,2024,5.0,4.0,
KPqjKWP4Q6,Reilyn Turner,2002-10-18,USA,FW,ST,,,2024,5.0,9.0,
KPqjKzG2Q6,Lauren Milliet,1996-12-01,USA,DF,FB,,,"['2019', '2020', '2021', '2022', '2023', '2024']",5.0,1.0,
KPqjKzrEQ6,Channing Foster,1998-12-25,USA,FW,W,,,2022,,,
KPqjoKrBQ6,Christie Pearce,1975-06-24,USA,DF,CB,,,"['2016', '2017']",5.0,6.0,
KPqjw0ePQ6,Shelby Money,1997-04-22,USA,,,,,{},5.0,7.0,
KPqjw0gnQ6,Brittany Persaud,1990-04-01,USA,,,,,{},5.0,4.0,
kRQa204jMK,Mallory Eubanks,1996-06-04,USA,DF,FB,,,2018,5.0,4.0,
kRQa264bMK,Sofia Huerta,1992-12-14,USA,DF,FB,,,"['2016', '2017', '2018', '2019', '2020', '2021', '2022', '2023', '2024']",5.0,7.0,
kRQa2DZbMK,Arianna Romero,1992-07-29,Mexico,DF,FB,,,"['2019', '2020']",5.0,3.0,
kRQa2mVoMK,Kirsten Davis,1998-09-08,USA,FW,ST,,,"['2022', '2023']",,,
kRQa2wDkMK,Rose Lavelle,1995-05-14,USA,MF,CM,,,"['2017', '2018', '2019', '2020', '2021', '2022', '2023', '2024']",5.0,4.0,
kRQa2Z3kMK,Leah Lynn Gabriela Fortune,1990-12-13,Brazil,DF,FB,,,2016,5.0,7.0,
kRQabk1gMK,Alanna Kennedy,1995-01-21,Australia,MF,DM,DF,CB,"['2016', '2017', '2018', '2019']",5.0,9.0,139.0
kRQabok8MK,Ali Krieger,1984-07-28,USA,DF,CB,,,"['2016', '2017', '2018', '2019', '2020', '2021', '2022', '2023']",5.0,6.0,132.0
kRQaboLgMK,Nadine Angerer,1978-11-10,Germany,,,,,{},5.0,9.0,157.0
kRQabWebMK,Erin McLeod,1983-02-26,Canada,GK,GK,,,"['2021', '2022']",5.0,9.0,161.0
kRQao2bk5K,Esther González,1992-12-08,Spain,FW,ST,,,"['2023', '2024']",5.0,5.0,121.0
kRQaoe9O5K,Natalia Staude,2001-04-30,USA,,,,,{},5.0,7.0,
kRQaogAk5K,Joanna Boyles,1995-11-13,USA,MF,DM,,,2019,,,
kRQaozyb5K,Haley Hopkins,1998-12-21,USA,MF,W,FW,ST,"['2023', '2024']",,,
kRQawd8O5K,Erin McKinney,2000-05-29,USA,,,,,{},,,
kRQaWLbk5K,Amanda Kowalski,1998-09-01,USA,DF,CB,,,"['2022', '2023']",,,
KXMe331vq6,Annika Schmidt,1993-05-04,Germany,,,,,{},,,
KXMe3vgvq6,Melanie Barcenas,2007-10-30,USA,MF,W,,AM,"['2023', '2024']",,,
KXMe84j3Q6,Melissa Lowder,,USA,GK,GK,,,2020,5.0,8.0,
KXMe89xrQ6,Kaylee Gunion,,USA,,,,,{},,,
KXMe8EBvQ6,Morgan Messner,2000-02-17,USA,,,,,{},,,
KXMe8lW3Q6,Katie Murray,1997-01-16,USA,,,,,{},5.0,2.0,119.0
KXMe8NL6Q6,Taylor Leach,1992-01-19,USA,DF,CB,,,"['2020', '2021', '2022']",5.0,10.0,
KXMe8NwPQ6,Cassie Miller,1995-04-28,USA,GK,GK,,,"['2020', '2021', '2022', '2023', '2024']",,,
KXMe8R02Q6,Ines Jaurena,1991-05-14,France,MF,CM,,,2023,,,
KXMegzErq6,Kat Asman,2000-05-19,USA,,,,,{},,,
KXMekeX1q6,Andi Tostanoski,1994-08-29,USA,GK,GK,,,2016,,,
KXMekJVvq6,Meredith Speck,1993-02-01,USA,MF,DM,,,"['2016', '2017', '2018', '2019', '2020', '2021', '2022', '2023', '2024']",5.0,3.0,
KXMekJykq6,Julie King,1989-10-21,USA,DF,CB,,FB,"['2016', '2017', '2019']",5.0,9.0,
KXMekKxXq6,Camille Levin,1990-04-24,USA,DF,FB,,,"['2016', '2017']",5.0,3.0,
KXMekRd6q6,Millie Farrow,1996-06-03,England,FW,ST,,,2023,,,
KXMeO371q6,Desiree Scott,1987-07-31,Canada,MF,DM,,,"['2016', '2017', '2018', '2019', '2021', '2022', '2024']",5.0,3.0,137.0
KXMeO8mvq6,Natasha Dowie,1988-06-30,England,FW,ST,,,"['2016', '2017']",,,
KXMeOYn1q6,Kimberly DeCesare,1991-08-11,USA,FW,ST,,,2016,,,
ljqE227oQx,Zoe Clark,1995-02-10,USA,DF,CB,,,2018,,,
ljqE241EQx,Angelina,2000-01-26,Brazil,MF,CM,,,"['2021', '2022', '2023', '2024']",5.0,3.0,
ljqE2KEkQx,Kelsey Wys,1991-02-04,USA,GK,GK,,,"['2016', '2018']",5.0,10.0,
ljqE2N7AQx,Haley Kopmeyer,1990-06-28,USA,GK,GK,,,"['2016', '2017', '2018', '2019']",5.0,11.0,
ljqE2OzVQx,Christina Burkenroad,1993-07-12,USA,MF,W,FW,W,"['2016', '2017']",5.0,10.0,
ljqE2r4oQx,Casey Murphy,1996-04-25,USA,GK,GK,,,"['2019', '2020', '2021', '2022', '2023', '2024']",6.0,1.0,159.0
ljqE2rB4Qx,Cecelia Kizer,1997-08-07,USA,FW,ST,,,"['2019', '2020', '2021', '2022', '2023', '2024']",5.0,7.0,128.0
ljqEj9aNQx,Erin Nayler,1992-04-17,New Zealand,,,,,{},5.0,9.0,137.0
ljqEJe3YQx,Kennedy Fuller,2007-03-09,USA,MF,AM,,CM,2024,5.0,5.0,
ljqEJjAAQx,Brittany Isenhour,1997-09-22,USA,GK,GK,,,"['2020', '2023']",5.0,8.0,
ljqEjLeoQx,Heather O'Reilly,1985-01-02,USA,DF,FB,,,"['2016', '2018', '2019']",5.0,5.0,
ljqEJoXwQx,Morgan Goff,,USA,DF,FB,,,2022,,,
ljqELeEw5x,Katie McClure,1998-03-14,USA,MF,W,FW,W,"['2020', '2021']",5.0,4.0,
ljqELZdo5x,Maximiliane Rall,1993-11-18,Germany,DF,FB,,,2024,5.0,11.0,157.0
N6Mm7odPqE,Megan Rapinoe,1985-07-05,USA,FW,W,MF,W,"['2016', '2017', '2018', '2019', '2021', '2022', '2023']",5.0,6.0,132.0
N6MmeE4xME,Samantha Leshnak,1997-04-21,USA,GK,GK,,,2019,5.0,11.0,
N6MmeeVPME,Taylor Comeau,1993-07-21,USA,DF,FB,,,"['2016', '2017', '2018', '2019']",5.0,6.0,
N6MmekVeME,Elli Reed,1989-08-10,USA,DF,FB,,,"['2016', '2017']",5.0,5.0,
N6MmeONPME,Jen Buczkowski,1985-04-04,USA,MF,DM,,,2016,5.0,5.0,
N6MmepOxME,Delphine Cascarino,1997-02-05,France,MF,W,,,2024,5.0,5.0,
N6MmGEeqEG,Carly Telford,1987-07-07,England,GK,GK,,,2022,5.0,9.0,139.0
N6MmGeJRqE,Julia Grosso,1998-12-10,USA,,,,,{},,,
N6MmodJvqE,Katie Lund,1996-11-27,USA,GK,GK,,,"['2021', '2022', '2023', '2024']",6.0,1.0,
N6MmogVeqE,Raisa Strom-Okimoto,1997-10-25,USA,DF,FB,FW,W,"['2019', '2020', '2021']",5.0,3.0,
N6MmogzLqE,Caitlin Farrell,1997-09-29,USA,MF,DM,FW,W,2019,5.0,10.0,
N6MmoKJwqE,Trinity Rodman,2002-05-20,USA,MF,W,,,"['2021', '2022', '2023', '2024']",5.0,7.0,
N6MmoO1wqE,Mya Rilaine Jones,2001-08-01,Canada,MF,W,FW,ST,2024,5.0,7.0,
N6MmozmgqE,Bayley Feist,1997-03-14,USA,MF,CM,,,"['2019', '2020', '2022', '2023', '2024']",5.0,7.0,
N6MmWrKWqE,Caeley Lordemann,1998-04-21,USA,,,,,{},,,
NPqxA2zjQ9,Mary Vignola,1998-02-11,USA,DF,FB,,,"['2022', '2023', '2024']",,,
NPqxe0LZQ9,Morgan Marlborough,1990-12-03,USA,MF,W,,,2016,6.0,0.0,
NPqxe7bWQ9,Megan Dorsey,1992-01-16,USA,,,,,{},6.0,0.0,
NPqxe7EGQ9,Natalie Viggiano,,USA,MF,W,,AM,2023,,,
NPqxeeJYQ9,Larissa Crummer,1996-01-10,Australia,FW,W,MF,CM,2017,5.0,10.0,154.0
NPqxev0jQ9,Asisat Oshoala,1994-10-09,Nigeria,FW,ST,,,2024,5.0,7.0,
NPqxew6XQ9,Tinaya Alexander,1999-04-15,England,MF,W,,,2022,,,
NPqxexKjQ9,Mina Tanaka,1994-04-28,Japan,FW,ST,MF,W,2024,5.0,5.0,123.0
NPqxmpAkQ9,Ramona Bachmann,1990-12-25,Switzerland,FW,ST,,,2024,5.0,4.0,126.0
NPqxmxZxQ9,Nicole Barnhart,1981-10-10,USA,GK,GK,,,"['2016', '2017', '2018', '2019', '2020', '2021', '2023']",5.0,10.0,161.0
NPqxndEmM9,Svava Rós Gudmundsdóttir,1995-11-11,Iceland,FW,ST,,,2023,,,
NPqxo72Y59,Zoe Matthews,2007-05-25,USA,MF,CM,,DM,2024,,,
NPqxorYY59,Jameese Joseph,2002-05-03,USA,MF,W,,,2024,,,
NPqxxGogq9,Adrienne Jordan,1994-01-30,USA,DF,FB,,,2020,,,
NPqxxjmkq9,Bethany Balcer,1997-03-07,USA,FW,ST,,,"['2019', '2020', '2021', '2022', '2023', '2024']",5.0,9.0,
NPqxxmlGq9,Kelli Hubly,1994-08-09,USA,DF,CB,,,"['2017', '2018', '2019', '2020', '2021', '2022', '2023', '2024']",5.0,9.0,
NPqxxODWq9,Hailey Harbison,1996-10-03,USA,FW,ST,,,2020,5.0,4.0,
NWMWgJlNMl,Paige Metayer,2000-09-23,USA,MF,DM,,CM,"['2023', '2024']",,,
NWMWgzp7Ml,Heather Stainbrook,2001-03-14,USA,MF,DM,,CM,2024,5.0,4.0,
NWMWl2jY5l,Kaleigh Kurtz,1994-09-09,USA,DF,CB,,,"['2018', '2019', '2020', '2021', '2022', '2023', '2024']",5.0,8.0,
NWMWl7lE5l,Nicole Baxter,1994-05-12,USA,MF,CM,,DM,"['2020', '2021', '2022']",5.0,4.0,
NWMWla0E5l,Allyson Swaby,1996-10-03,Jamaica,DF,CB,,,2022,5.0,9.0,157.0
NWMWLBJe5l,Cameron Castleberry,1995-03-14,USA,FW,ST,,,2017,,,
NWMWlgLE5l,Adriana,1996-11-17,Brazil,MF,W,,,"['2023', '2024']",5.0,4.0,117.0
NWMWlObE5l,Bridgette Andrzejewski,1997-01-27,USA,FW,W,,,2020,5.0,8.0,
NWMWlOGj5l,Anika Rodriguez,1997-01-01,USA,,,,,{},5.0,2.0,
NWMWlOGK5l,Carly Nelson,1998-02-11,USA,GK,GK,,,"['2021', '2023', '2024']",,,
NWMWly9D5l,Ryan Williams,1996-02-23,USA,DF,FB,,,"['2018', '2019', '2020', '2021', '2022', '2023', '2024']",5.0,7.0,
NWMWo0RzMl,Jordyn Bloomer,1997-10-14,USA,GK,GK,,,2022,,,
NWMWo6lEMl,Sophie French,1998-02-28,USA,FW,ST,,,2022,,,
NWMWoDNzMl,Tatumn Milazzo,1998-04-17,USA,DF,CB,,FB,"['2021', '2022', '2023', '2024']",,,
NWMWoEezMl,Shnia Gordan,1997-04-09,USA,MF,W,,,2022,5.0,3.0,117.0
NWMWox9YMl,Abby Small,,,,,,,{},5.0,9.0,
NWMWV07EQl,Ally Prisock,1997-01-18,USA,DF,CB,,,"['2019', '2020', '2021', '2022', '2023']",5.0,8.0,
NWMWV0NYQl,Courtney Petersen,1997-10-28,USA,DF,FB,,,"['2020', '2021', '2022', '2023', '2024']",,,
NWMWV1lEQl,Camila,1994-10-10,Brazil,MF,CM,,,"['2017', '2018', '2019']",5.0,3.0,
NWMWVEkZQl,Jane Campbell,1995-02-17,USA,GK,GK,,,"['2017', '2018', '2019', '2020', '2021', '2022', '2023', '2024']",5.0,9.0,
NWMWVGveQl,Alex Arlitt,1993-08-25,USA,DF,FB,,,2016,5.0,5.0,
NWMWVjJjQl,Michelle Betos,1988-02-20,USA,GK,GK,,,"['2016', '2018', '2019', '2020', '2021', '2022', '2023']",5.0,9.0,
NWMWVppLQl,Madalyn Schiffel,1994-09-19,USA,GK,GK,,,2017,,,
NWMWVXAeQl,Darian Jenkins,1995-01-05,USA,MF,W,,,"['2018', '2019', '2020', '2021', '2022']",5.0,10.0,
NWMWVXpDQl,Jannelle Flaws,1991-11-15,USA,FW,ST,,,2016,,,
NWMWVy3KQl,Megan Crosson,1994-05-13,USA,DF,FB,,,"['2016', '2018', '2019']",5.0,9.0,
NWMWXlBY5l,Amy Rodriguez,1987-02-17,USA,FW,ST,,,"['2017', '2018', '2019', '2020', '2021']",5.0,4.0,
NWMWXoVZ5l,Elise Kellond-Knight,1990-08-10,Australia,DF,FB,,,2019,5.0,5.0,132.0
Oa5w0gyDq1,Danielle O'Brien,,USA,,,,,{},,,
Oa5w0xdgq1,Lauren Brzykcy,1999-11-08,USA,,,,,{},,,
Oa5wA3WAQ1,Evelyne Viens,1997-02-06,Canada,FW,ST,,,"['2020', '2021']",5.0,8.0,
Oa5wAA2DQ1,Hannah Stambaugh,1998-12-24,Japan,,,,,{},5.0,9.0,150.0
Oa5wAbPDQ1,Bella Bixby,1995-11-20,USA,GK,GK,,,"['2020', '2021', '2022', '2023']",6.0,0.0,
Oa5wAJ14Q1,Chantelle Swaby,1998-08-06,Jamaica,,,,,{},5.0,10.0,
Oa5wAmXDQ1,Sophie Hirst,2000-02-25,USA,MF,CM,,DM,"['2023', '2024']",,,
Oa5wAP6WQ1,Hana Kerner,1997-03-17,USA,,,,,{},,,
Oa5wAPb8Q1,Dana Foederer,2002-07-27,Netherlands,MF,CM,,,2024,5.0,6.0,
Oa5wAPB8Q1,Addison Steiner,1994-12-19,USA,FW,ST,,,2019,,,
Oa5wAPbAQ1,Betsy Brandon,1996-09-27,USA,MF,W,,,2019,5.0,6.0,
Oa5wAWPBQ1,Narumi Miura,1997-07-03,Japan,MF,DM,,CM,"['2023', '2024']",5.0,1.0,97.0
Oa5wAZbBQ1,Ana Tejada,2002-06-02,Spain,DF,CB,MF,DM,2024,5.0,8.0,146.0
Oa5wd4xXq1,Ainsley Mccammon,2007-08-16,USA,MF,DM,,,2024,,,
Oa5wdLyBq1,Hannah Diaz,1996-02-17,USA,MF,CM,,,2021,,,
Oa5wdmoWq1,Caitlin Cosme,1999-01-19,USA,DF,CB,,,2023,,,
Oa5wdvkXq1,Michelle Alozie,1997-04-28,USA,FW,ST,,,"['2021', '2022', '2023', '2024']",,,
Oa5wn4BAM1,Maegan Kelly,1992-02-19,Canada,MF,W,,,"['2017', '2019', '2020', '2021']",5.0,5.0,
Oa5wV0JgM1,Lee So-Dam,1994-10-12,South Korea,MF,CM,,,2021,5.0,1.0,
Oa5wVjjWM1,Ashley Herndon,1994-10-04,USA,MF,W,,,2017,,,
Oa5wVmGDM1,Jenna Bike,1998-02-02,USA,MF,W,,,"['2022', '2023', '2024']",,,
Oa5wVmk9M1,Emily Curran,1996-08-05,USA,MF,DM,,CM,"['2019', '2020', '2021', '2022']",5.0,5.0,
Oa5wVmr9M1,Leah Galton,1994-05-24,England,MF,W,,,"['2016', '2017']",,,
Oa5wVmZgM1,Gabrielle Carle,1998-10-12,Canada,DF,FB,,,"['2023', '2024']",5.0,6.0,
Oa5wVW4AM1,Tori Huster,1989-09-23,USA,MF,CM,DF,FB,"['2016', '2017', '2018', '2019', '2020', '2021', '2023']",5.0,5.0,128.0
Oa5wVWwBM1,Stephanie Ochs,1990-08-29,USA,DF,FB,,,"['2016', '2017']",,,
Oa5wVXy8M1,Marie Muller,2000-07-25,Germany,DF,FB,,,2024,,,
Oa5wVYNBM1,Abby Dahlkemper,1993-05-13,USA,DF,CB,,,"['2016', '2017', '2018', '2019', '2020', '2021', '2022', '2023', '2024']",5.0,7.0,
Oa5wVyvDM1,Jennifer Skogerboe,1992-06-08,USA,DF,FB,,,2016,,,
Oa5wYddXQ1,Kyah Simon,1991-06-25,Australia,MF,W,,,"['2016', '2018', '2019']",5.0,5.0,139.0
Oa5wYkXDQ1,Luana,1993-05-02,Brazil,MF,DM,,,2024,5.0,4.0,121.0
odMX7LnxQY,Michelle Cooper,2002-12-04,USA,MF,W,,,"['2023', '2024']",5.0,3.0,
odMX7nbxQY,Julia Lester,1998-01-16,USA,DF,CB,,,"['2022', '2023', '2024']",,,
odMX7PBGQY,Izzy D'Aquila,2001-09-08,USA,FW,ST,,,"['2023', '2024']",5.0,7.0,
odMX7rK2QY,Evelina Duljan,2003-05-12,Sweden,MF,W,,,2024,5.0,3.0,
odMX7W4JQY,Amanda Visco,1997-10-20,USA,,,,,{},,,
odMX7XNGQY,Sierra Enge,2000-02-23,USA,MF,DM,DF,CB,"['2023', '2024']",,,
odMX7YDxQY,Carrie Lawrence,1997-07-15,USA,DF,CB,,FB,"['2020', '2022', '2024']",5.0,7.0,
odMX7YOJQY,Savannah King,2005-02-07,USA,DF,FB,,,2024,5.0,6.0,
odMX8EJoMY,Christine Sinclair,1983-06-12,Canada,FW,ST,MF,AM,"['2016', '2017', '2018', '2019', '2020', '2021', '2022', '2023', '2024']",5.0,9.0,148.0
odMX8ElWMY,Bia Zaneratto,1993-12-17,Brazil,FW,ST,,,2024,5.0,9.0,
odMX8w7GMY,Jodie Taylor,1986-05-17,England,FW,ST,,,"['2018', '2019', '2020', '2021', '2022']",5.0,6.0,
odMXEOJx5Y,Jackie Altschuld,,,MF,W,,,2022,,,
odMXGp9oQY,Olivia Griffitts,2001-08-02,USA,DF,FB,,,2024,,,
odMXGw2oQY,Kayla Fischer,2000-01-05,USA,MF,W,,,"['2023', '2024']",,,
odMXGzY0QY,Emmie Allen,2002-10-25,USA,,,,,{},,,
odMXR1wrqY,Taylor Lytle,1989-03-31,USA,MF,W,,,"['2016', '2017', '2018', '2020']",5.0,2.0,
odMXRA4aqY,Rocky Rodríguez,1993-10-28,Costa Rica,MF,CM,,,"['2016', '2017', '2018', '2019', '2020', '2021', '2022', '2023', '2024']",5.0,6.0,
odMXRl80qY,Uchenna Kanu,1997-06-20,Nigeria,MF,W,FW,ST,"['2023', '2024']",5.0,9.0,
odMXRX2eqY,Tiffany Weimer,1983-12-05,USA,MF,W,,,"['2016', '2017', '2018']",,,
odMXRX7WqY,Eunice Beckmann,1992-02-08,Germany,MF,W,FW,ST,2016,5.0,6.0,
odMXRZOaqY,Christine Nairn,1990-09-25,USA,MF,CM,,,"['2016', '2017', '2018', '2019', '2020', '2021']",5.0,6.0,146.0
OlMl96b45L,Elizabeth Eddy,1991-09-13,USA,DF,FB,,,"['2016', '2017', '2018', '2019', '2020', '2021', '2022', '2023', '2024']",5.0,5.0,
OlMl96P45L,Brianne Reed,1994-02-05,USA,DF,FB,,,2016,,,
OlMl9Ek45L,Kennedy Wesley,2001-03-08,USA,DF,CB,,,2024,5.0,5.0,119.0
OlMl9jrP5L,Jimena López,1999-01-30,Mexico,DF,FB,,,"['2021', '2022']",5.0,7.0,
OlMl9l845L,Gina Lewandowski,1985-04-13,USA,DF,CB,,,"['2019', '2020', '2021', '2022']",5.0,7.0,137.0
OlMl9oz45L,Adrianna Franch,1990-11-12,USA,GK,GK,,,"['2016', '2017', '2018', '2019', '2021', '2022', '2023', '2024']",5.0,9.0,
OlMl9P7A5L,Celia Jiménez,1995-06-20,Spain,DF,FB,,,"['2019', '2020', '2021', '2022', '2023', '2024']",5.0,7.0,
OlMl9r1y5L,Zoey Goralski,1995-01-22,USA,DF,FB,,,"['2019', '2020', '2021']",5.0,3.0,
OlMl9rz45L,Whitney Church,1993-04-30,USA,DF,CB,,,"['2016', '2017', '2018']",5.0,5.0,
OlMl9V9D5L,Lynn Biyendolo,1993-05-21,USA,FW,ST,,,"['2016', '2017', '2018', '2019', '2020', '2021', '2022', '2023', '2024']",5.0,7.0,
OlMl9y7y5L,Shirley Cruz,1985-08-28,Costa Rica,MF,DM,,,"['2020', '2021']",5.0,5.0,101.0
OlMlBBJRqL,Kayla Ann Morrison,1996-08-05,USA,DF,FB,,,2023,,,
OlMlBWxRqL,Avery Patterson,2002-06-14,USA,DF,FB,,,2024,,,
OlMled1D5L,Sydney Schneider,1999-08-31,Jamaica,,,,,{},5.0,10.0,
OlMleGDw5L,Hillary Beall,1999-01-27,USA,GK,GK,,,2024,5.0,11.0,
OlMleJEN5L,Macey Fraser,2002-07-11,New Zealand,MF,CM,,AM,2024,5.0,5.0,
OlMleK0E5L,Allison Wetherington,1994-11-30,USA,,,,,{},5.0,4.0,
OlMlenlA5L,Tori Hansen,2001-01-14,USA,DF,CB,,,2023,5.0,9.0,
OlMlgKE4QL,Olivia Sekany,1998-12-29,USA,,,,,{},5.0,11.0,
OlMlgPKwQL,Sarah Clark,,USA,MF,DM,,,2023,,,
OlMlr8kPqL,Dagny Brynjarsdóttir,1991-08-10,Iceland,MF,DM,,,"['2016', '2017', '2019']",5.0,5.0,
OlMlrBARqL,Diana Matheson,1984-04-06,Canada,MF,W,,,"['2016', '2018', '2020']",5.0,0.0,117.0
OlMlrBb0qL,Rosana,1982-07-07,Brazil,MF,AM,,W,2017,5.0,7.0,148.0
p6qb3mNBQ0,Mackenzie Rath,2001-03-01,USA,,,,,{},,,
p6qbegX350,Abby Erceg,1989-11-20,New Zealand,DF,CB,,,"['2016', '2017', '2018', '2019', '2020', '2021', '2022', '2023', '2024']",5.0,10.0,150.0
p6qbgVxaQ0,Alexandra Pfeiffer,2007-11-26,USA,MF,W,FW,ST,2024,5.0,6.0,115.0
p6qbo708Q0,Jennifer Cudjoe,1994-03-07,Ghana,MF,DM,,CM,"['2020', '2021', '2022']",5.0,6.0,
p6qboBNbQ0,Leilanni Nesbeth,2001-07-17,Bermuda,MF,DM,,,2024,5.0,4.0,
p6qboEVwQ0,Alyssa Thompson,2004-11-07,USA,MF,W,FW,W,"['2023', '2024']",5.0,4.0,
p6qbolY6Q0,Carlin Hudson,1996-11-01,USA,MF,W,DF,FB,2019,5.0,9.0,
p6qbOmZBQ0,Isabella Briede,1998-10-03,USA,MF,CM,,DM,"['2022', '2023', '2024']",,,
p6qbooA6Q0,Claudia Dickey,2000-01-06,USA,GK,GK,,,"['2023', '2024']",,,
p6qbOp1XQ0,Saori Takarada,1999-12-27,Japan,DF,CB,,FB,2021,5.0,6.0,
p6qbOp4wQ0,Devon Kerr,1997-07-03,Canada,GK,GK,,,2022,5.0,11.0,
p6qboPe4Q0,Tara McKeown,1999-07-02,USA,DF,CB,,,"['2021', '2022', '2023', '2024']",5.0,7.0,
p6qbOPR3Q0,Miriael Taylor,2000-02-02,England,MF,W,FW,ST,2022,,,
p6qbOPx8Q0,Beverly Yanez,1988-07-19,USA,FW,ST,,,"['2016', '2017', '2018', '2019']",5.0,8.0,141.0
p6qboRkaQ0,Diana Ordoñez,2001-09-26,USA,FW,ST,,,"['2022', '2023', '2024']",5.0,11.0,
p6qbOv36Q0,Courtney Raetzman,1994-04-09,USA,MF,W,FW,ST,2016,,,
p6qbovG4Q0,Shea Connors,1996-04-12,USA,MF,W,,CM,2023,5.0,3.0,
p6qbOvZXQ0,Sarah Hagen,1989-11-18,USA,FW,ST,,,"['2016', '2017']",5.0,11.0,
p6qbOWW4Q0,Rikke Marie Madsen,1997-08-09,Denmark,FW,ST,,,"['2022', '2023']",,,
p6qboZk4Q0,Yazmeen Ryan,1999-02-25,USA,MF,W,,,"['2021', '2022', '2023', '2024']",,,
p6qbRV43q0,Meghan Cox,1994-11-15,USA,DF,FB,,,"['2017', '2019']",,,
Pk5L1ADOqO,Amanda Da Costa,1989-10-07,Portugal,MF,CM,,,"['2016', '2017']",,,
Pk5L1JwDqO,Brittany Ratcliffe,1994-02-07,USA,MF,W,,,"['2016', '2017', '2018', '2020', '2021', '2022', '2023', '2024']",5.0,4.0,
Pk5L610OQO,Kelsey Daugherty,1996-12-31,USA,,,,,{},,,
Pk5L6kYLQO,Becki Tweed,,USA,,,,,{},,,
Pk5L6maZQO,Phallon Tullis-Joyce,1996-10-19,USA,GK,GK,,,"['2021', '2022', '2023']",6.0,1.0,
Pk5Le0DGqO,Agnes Nyberg,2000-04-19,Sweden,MF,DM,,,2024,5.0,4.0,126.0
Pk5Le4O7qO,Morgan Ruhl,1994-07-28,USA,,,,,{},,,
Pk5Lep9DqO,Michelle Maemone,1997-03-18,USA,DF,FB,,,"['2019', '2020', '2021']",5.0,6.0,
Pk5Lg0ZEMO,Karina Rodriguez,1999-03-02,Mexico,DF,CB,,FB,"['2021', '2022']",5.0,5.0,
Pk5Lg1NZMO,Megan Montefusco,1992-09-03,USA,DF,CB,,,"['2016', '2017', '2018', '2019', '2020', '2021', '2022', '2023']",5.0,8.0,
Pk5Lg2KOMO,Julia Bianchi,1997-10-07,Brazil,MF,DM,,CM,"['2023', '2024']",5.0,6.0,132.0
Pk5LgdgYMO,Jaelene Daniels,1993-05-28,USA,DF,FB,,,"['2016', '2017', '2018', '2019', '2020', '2022']",5.0,4.0,135.0
Pk5LggaNMO,Aminata Diallo,1995-04-03,France,MF,DM,,,2020,5.0,4.0,108.0
Pk5LgPBEMO,Chestley Strother,1994-06-13,USA,,,,,{},5.0,9.0,
Pk5LgPYEMO,Danielle Schulmann,1989-12-22,Israel,MF,CM,,,2016,5.0,9.0,
Pk5Lz80GQO,Jadyn Edwards,,USA,MF,AM,,,2023,,,
Pk5LzW9EQO,Brecken Mozingo,2001-03-08,USA,MF,W,FW,W,2024,5.0,6.0,
raMyA2pJMd,Andressinha,1995-05-01,Brazil,MF,CM,,,"['2016', '2017', '2018', '2019']",5.0,3.0,132.0
raMyAD22Md,Jenna Nighswonger,2000-11-28,USA,DF,FB,,,"['2023', '2024']",,,
raMyADblMd,Caroline Kastor,1991-10-12,USA,MF,W,FW,ST,2016,5.0,3.0,
raMyADzlMd,Estelle Johnson,1988-07-21,Cameroon,DF,CB,,,"['2016', '2017', '2018', '2019', '2020', '2021', '2022']",5.0,6.0,
raMyAGadMd,Mariah Lee,1996-06-30,USA,MF,W,,,2020,5.0,4.0,
raMyAWkkMd,Marleen Schimmer,2000-10-23,Germany,MF,W,,,2022,,,
raMyAZpRMd,Sam Mewis,1992-10-09,USA,MF,DM,,CM,"['2016', '2017', '2018', '2019', '2020', '2021', '2022']",5.0,11.0,
raMye1zOMd,Audrey Harding,1998-07-14,USA,FW,ST,,,2022,5.0,10.0,
raMyeDeRMd,Aline,2005-07-07,Brazil,MF,W,FW,W,2024,5.0,6.0,123.0
raMyeZEOMd,Dani Rhodes,,USA,MF,W,FW,W,2020,,,
raMyodEBqd,Chai Cortez,1998-07-18,USA,DF,FB,,,2023,5.0,3.0,
raMyoRbNqd,Savannah Madden,1999-02-02,USA,,,,,{},5.0,7.0,
raMyr3GJ5d,Deneisha Blackwood,1997-03-07,Jamaica,FW,W,,,"['2020', '2021']",5.0,7.0,
raMyrEvk5d,Victoria Haugen,2002-05-01,Norway,,,,,{},,,
raMyZeL25d,Sarah Bouhaddi,1986-10-17,France,GK,GK,,,2021,5.0,9.0,150.0
raMyZezO5d,Rafaelle,1991-06-18,Brazil,DF,CB,,,"['2023', '2024']",5.0,9.0,150.0
Vj58addEq8,Nikia Smith,,USA,,,,,{},,,
Vj58B3XJQ8,Kendall Johnson,1991-04-24,USA,DF,CB,,,2017,,,
Vj58B42DQ8,McCall Zerboni,1986-12-13,USA,MF,CM,,DM,"['2016', '2017', '2018', '2019', '2020', '2021', '2022', '2023', '2024']",5.0,4.0,
Vj58B4dDQ8,Frances Silva,1992-11-02,USA,MF,AM,,W,2016,5.0,4.0,
Vj58B4pmQ8,Olivia Wingate,2000-02-20,USA,FW,ST,MF,W,"['2023', '2024']",,,
Vj58BBdEQ8,Emily Kruger,1992-10-27,USA,,,,,{},5.0,11.0,
Vj58BBkmQ8,Ghoutia Karchouni,1995-05-29,France,MF,W,,,2016,5.0,5.0,112.0
Vj58Bn3DQ8,Kate Wiesner,2001-02-11,USA,DF,FB,MF,W,2024,5.0,7.0,
Vj58BZALQ8,Sabrina Flores,1996-01-31,Mexico,DF,FB,,,"['2019', '2020', '2021', '2022', '2023']",5.0,3.0,
Vj58l97r58,Lauren Flynn,2002-05-22,USA,DF,CB,,,2024,5.0,6.0,
Vj58l99L58,Ángela Barón,2003-09-18,Colombia,DF,CB,,,2024,5.0,7.0,130.0
Vj58lRaD58,Claire Hutton,2006-01-11,USA,MF,DM,,CM,2024,5.0,6.0,
Vj58Wnl2M8,Zandy Soree,1998-08-01,Belgium,,,,,{},,,
Vj58Ww6EM8,Jordyn Listro,1995-08-10,Canada,MF,DM,,CM,"['2020', '2021', '2022', '2023']",5.0,5.0,121.0
Vj58Yd3rq8,Diane Caldwell,1988-09-11,Republic of Ireland,DF,CB,,,2021,5.0,8.0,
vzqo77B7qa,Shawna Gordon,1990-01-18,Australia,MF,CM,,,2016,,,
vzqo77Wvqa,Chloe Logarzo,1994-12-22,Australia,MF,CM,,,"['2019', '2021']",5.0,5.0,112.0
vzqo79YBqa,Chioma Ubogagu,1992-09-10,England,MF,W,,,"['2016', '2017', '2018', '2019']",5.0,7.0,137.0
vzqo7AR7qa,Christina Gibbons,1994-12-30,USA,DF,FB,,,"['2017', '2018']",5.0,6.0,
vzqo7EeNqa,Laurel Ivory,1999-08-28,USA,GK,GK,,,"['2023', '2024']",5.0,9.0,
vzqo7EgYqa,Kelcie Hedge,1997-09-19,USA,MF,DM,,CM,"['2021', '2022', '2023']",5.0,7.0,
vzqo7eL7qa,Mônica,1987-04-21,Brazil,DF,CB,,,"['2016', '2017', '2018']",5.0,8.0,141.0
vzqo7EvNqa,Abigail Kim,1999-07-19,USA,MF,W,,,"['2021', '2022']",5.0,7.0,
vzqo7gGZqa,Kaleigh Riehl,1996-10-21,USA,DF,CB,,,"['2020', '2021', '2022', '2023', '2024']",5.0,8.0,
vzqo7mKvqa,Kristen Edmonds,1987-05-22,USA,DF,FB,,,"['2016', '2017', '2018', '2019', '2020', '2021', '2022', '2023']",5.0,5.0,
vzqo7obNqa,Erica Skroski,1994-02-14,USA,DF,FB,,CB,"['2016', '2017', '2018', '2019', '2020', '2021']",5.0,6.0,
vzqo7oxNqa,Haley Carter,1984-06-21,USA,,,,,{},,,
vzqo7ozZqa,Lindsay Agnew,1995-03-31,Canada,DF,FB,,,"['2017', '2018', '2019', '2020', '2021']",5.0,9.0,
vzqo7r17qa,Sarah Woldmoe,1992-07-27,USA,MF,DM,,CM,"['2016', '2017', '2018', '2019', '2020', '2021']",5.0,8.0,
vzqod1ABQa,Becca Ritchie,,USA,,,,,{},,,
vzqod4GpQa,Grace Cutler,1997-02-18,USA,,,,,{},,,
vzqodLvBQa,Allyson Schlegel,2000-02-07,USA,FW,ST,MF,AM,"['2023', '2024']",5.0,7.0,
vzqodp0kQa,Cassie Rohan,1998-02-28,USA,MF,CM,,,2020,5.0,6.0,
vzqodp0ZQa,Marissa Sheva,1997-04-22,USA,MF,CM,,,"['2022', '2023', '2024']",5.0,3.0,
vzqodxaBQa,Sarah Teegarden,1995-04-21,USA,,,,,{},5.0,7.0,
vzqodxdNQa,Frannie Crouse,1995-09-21,USA,MF,W,,,2018,5.0,7.0,
vzqodxkjQa,Dorian Bailey,1997-01-28,USA,DF,FB,MF,CM,"['2019', '2020', '2021', '2022', '2023', '2024']",5.0,3.0,
vzqoGXx7qa,Madison Tiernan,1995-07-03,USA,MF,W,,,"['2017', '2018']",5.0,4.0,
vzqoGXxZqa,Julia Spetsmark,1989-06-30,Sweden,FW,ST,,,2019,5.0,5.0,
vzqoJ2EJ5a,Rosemonde Kouassi,2001-12-26,Ivory Coast,MF,W,,,2024,,,
vzqoJE2B5a,Samantha Fisher,1999-08-26,USA,MF,CM,,,"['2022', '2023']",,,
vzqoJKnv5a,Mikayla Cluff,1999-02-25,USA,MF,DM,,,"['2022', '2023', '2024']",5.0,8.0,
vzqoJR8J5a,Kayla Bruster,,USA,,,,,{},,,
vzqoJRLZ5a,Megan Reid,1996-07-08,USA,DF,CB,,,"['2022', '2023', '2024']",,,
vzqoJxXJ5a,Addie McCain,,USA,MF,AM,,,"['2021', '2022', '2023']",,,
vzqoJZgJ5a,Allie Hess,,USA,FW,ST,,,2021,,,
vzqoOLGYqa,Jordan Silkowitz,2000-03-27,USA,,,,,{},,,
wvq9ebvmqW,Kenie Wright,1997-08-14,USA,DF,FB,,,2019,5.0,3.0,
wvq9eD6BqW,Haleigh Stackpole,2000-08-04,USA,,,,,{},,,
wvq9edaZqW,Michaela Abam,1997-06-12,Cameroon,FW,ST,,,"['2018', '2021', '2022']",5.0,7.0,
wvq9edeNqW,Elizabeth Ball,1995-10-20,USA,DF,CB,,,"['2018', '2019', '2020', '2021', '2022', '2023', '2024']",5.0,6.0,
wvq9eDr7qW,Sinclaire Miramontez,1998-04-11,USA,DF,FB,,,"['2020', '2021', '2022']",,,
wvq9g8gBMW,Daphne Corboz,1993-06-14,France,MF,CM,,W,2017,5.0,2.0,
wvq9gBJ7MW,Jessica McDonald,1988-02-28,USA,FW,ST,,,"['2016', '2017', '2018', '2019', '2020', '2021', '2022', '2023']",6.0,0.0,
wvq9ggjBMW,Sarah Puntigam,1992-10-13,Austria,DF,CB,MF,CM,"['2023', '2024']",5.0,8.0,
wvq9gKE7MW,Merritt Mathias,1990-07-02,USA,DF,FB,,,"['2016', '2017', '2018', '2019', '2021', '2022', '2024']",5.0,6.0,
wvq9gl37MW,Marley Canales,1997-11-16,USA,MF,DM,,,"['2022', '2023']",,,
wvq9gN17MW,Katie Stengel,1992-02-29,USA,FW,ST,,,"['2016', '2017', '2018', '2019', '2020', '2021', '2023', '2024']",5.0,9.0,
wvq9goBNMW,Civana Kuhlmann,1999-04-14,USA,FW,ST,,,2023,5.0,6.0,
wvq9gol1MW,Ellie Jean,1997-01-31,USA,DF,CB,,,"['2022', '2023', '2024']",,,
wvq9gZ8YMW,Shae Holmes,2000-03-08,USA,DF,FB,,CB,"['2023', '2024']",,,
wvq9gZdNMW,Caity Heap,1994-08-10,USA,MF,CM,,,"['2016', '2017']",,,
wvq9gZYNMW,Erin Simon,1994-08-19,USA,DF,FB,,,"['2016', '2017', '2020', '2021', '2022']",5.0,5.0,
wvq9jJ31QW,Gabrielle Robinson,2001-06-18,USA,DF,CB,,,"['2023', '2024']",,,
wvq9p8815W,Christen Press,1988-12-29,USA,FW,ST,,,"['2016', '2017', '2018', '2019', '2022', '2024']",5.0,7.0,130.0
wvq9penZ5W,Dzsenifer Marozsán,1992-04-18,Germany,FW,ST,MF,CM,2021,5.0,8.0,150.0
wvq9X6dN5W,Makamae Gomera-Stevens,,USA,FW,W,,,"['2021', '2022']",5.0,5.0,
wvq9Xbxl5W,Alia Martin,1998-06-09,USA,,,,,{},,,
wvq9XJBZ5W,Sophie Braun,2000-01-26,Argentina,,,,,{},5.0,7.0,132.0
wvq9Xp2m5W,Jaci Jones,1997-10-06,USA,,,,,{},,,
Xj5Y4XlAMb,Jada Talley,,USA,MF,CM,,,2022,,,
Xj5Y607aqb,Natalie Jacobs,1997-08-16,USA,DF,CB,,,"['2020', '2021', '2022', '2023', '2024']",5.0,8.0,
Xj5Y60lRqb,Hailie Mace,1997-03-24,USA,DF,FB,,,"['2020', '2021', '2022', '2023', '2024']",5.0,7.0,
Xj5Y62Dyqb,Kathryn Williamson,1989-08-01,USA,DF,FB,,,2016,5.0,6.0,
Xj5Y66Eaqb,Ifeoma Onumonu,1994-02-25,USA,FW,ST,,,"['2017', '2018', '2019', '2020', '2021', '2022', '2023', '2024']",5.0,10.0,
Xj5Y6jEwqb,Keelin Winters,1988-12-09,Australia,MF,DM,,,2016,5.0,8.0,
Xj5Y6mWlqb,Alyssa Mautz,1989-07-29,USA,MF,W,,CM,"['2016', '2017', '2018', '2019', '2021', '2022']",5.0,5.0,
Xj5Y6PPaqb,Tierna Davidson,1998-09-19,USA,DF,CB,,,"['2019', '2020', '2021', '2022', '2023', '2024']",5.0,10.0,
Xj5Y87kyMb,Andressa Alves,1992-11-10,Brazil,MF,AM,,,"['2023', '2024']",5.0,6.0,128.0
Xj5Y90Ny5b,Riley Mattingly,2000-03-31,USA,,,,,{},,,
Xj5Y97805b,Rylee Baisden,1994-04-16,USA,FW,ST,,,"['2020', '2021', '2022']",,,
Xj5Y9E3l5b,Bridget Callahan,1996-04-16,USA,MF,DM,,CM,"['2018', '2019']",5.0,5.0,
Xj5Y9EPy5b,Ella Dederick,1996-07-27,USA,GK,GK,,,2021,5.0,10.0,
Xj5Y9oOw5b,Addisyn Merrick,1998-03-04,USA,DF,CB,,,"['2020', '2021', '2022', '2023', '2024']",5.0,5.0,
Xj5Y9PEw5b,Jazmin Jackmon,1997-10-30,USA,,,,,{},5.0,10.0,112.0
Xj5Y9PzE5b,Alika Keene,1994-01-15,Jamaica,,,,,{},,,
Xj5Y9zKX5b,Alana Cook,1997-04-11,USA,DF,CB,,,"['2020', '2021', '2022', '2023', '2024']",5.0,9.0,
XVqK2j1K50,Chelsee Washington,1997-11-17,USA,MF,W,,,"['2020', '2021', '2022']",5.0,8.0,
XVqK2V2w50,Luany,2003-02-03,Brazil,,,,,{},5.0,5.0,
XVqKe41KM0,Chandra Eigenberger,1993-01-14,USA,,,,,{},,,
XVqKeJGwM0,Deyna Castellanos,1999-04-18,Venezuela,MF,CM,,,2024,5.0,7.0,139.0
XVqKeK6KM0,Meghan McCool,1997-09-14,USA,MF,CM,,W,2020,5.0,8.0,
XVqKelEwM0,Taylor Malham,1999-05-20,USA,DF,FB,,,"['2022', '2023', '2024']",5.0,10.0,
XVqKewOKM0,Kaylan Marckese,1998-04-22,USA,,,,,{},,,112.0
XVqKezYwM0,Kayla Sharples,1997-06-17,USA,DF,CB,,,"['2019', '2020', '2021', '2022', '2023', '2024']",5.0,11.0,
XVqKL7paQ0,Jamie Shepherd,2000-10-09,USA,MF,DM,,,2024,,,
XVqKW9Zwq0,Alexandra Chidiac,1999-01-15,Australia,MF,W,,,"['2022', '2023']",,,
XVqKWbOKq0,Amanda Frisbie,1992-05-29,USA,DF,FB,,,"['2016', '2017', '2018']",5.0,8.0,
XVqKWLrWq0,Midge Purce,1995-09-18,USA,MF,W,,,"['2017', '2018', '2019', '2020', '2021', '2022', '2023', '2024']",5.0,5.0,
XVqKWmlOq0,Viviana Villacorta,1999-02-02,USA,MF,DM,,,"['2022', '2023', '2024']",5.0,7.0,
XVqKWp8aq0,Danica Evans,1995-06-02,USA,FW,ST,,,"['2017', '2018', '2019', '2020']",5.0,6.0,
XVqKWPkOq0,Leicy Santos,1996-05-16,Colombia,MF,AM,,CM,2024,5.0,1.0,135.0
XVqKWVlWq0,Jamia Fields,1993-09-24,USA,DF,FB,,,"['2016', '2017', '2019', '2020', '2021', '2022']",5.0,5.0,
XVqKWw80q0,Linda Motlhalo,1998-07-01,South Africa,MF,DM,,,"['2018', '2024']",5.0,4.0,104.0
XVqKYmW0M0,Adriana Leon,1992-10-02,Canada,MF,W,FW,W,"['2016', '2017', '2018', '2023']",5.0,3.0,
xW5pr7ZRQg,Rachel Hill,1995-04-17,USA,MF,W,,,"['2017', '2018', '2019', '2020', '2021', '2022', '2023', '2024']",5.0,5.0,
xW5prBAJQg,Cortnee Vine,1998-04-09,Australia,MF,W,,,2024,5.0,5.0,139.0
xW5prbxKQg,Reyna Reyes,2001-02-16,Mexico,DF,FB,,,"['2023', '2024']",5.0,7.0,
xW5prJ0JQg,Perle Morroni,1997-10-15,France,DF,FB,,,2024,5.0,2.0,115.0
xW5prm0dQg,Kerry Abello,1999-09-17,USA,DF,FB,,,"['2022', '2023', '2024']",,,
xW5prReRQg,McKenzie Berryhill,1993-03-24,USA,DF,CB,,FB,"['2016', '2019']",5.0,9.0,
xW5prreYQg,Arielle Ship,1995-05-02,USA,FW,ST,,,"['2017', '2018', '2019', '2020']",5.0,7.0,
xW5prWVJQg,Anna Moorhouse,1995-03-30,England,GK,GK,,,"['2022', '2023', '2024']",,,
xW5prYLGQg,Lauren Barnes,1989-05-31,USA,DF,CB,,FB,"['2016', '2017', '2018', '2019', '2020', '2021', '2022', '2023', '2024']",5.0,5.0,
xW5pw0pBMg,Noelle Higginson,1997-12-07,USA,,,,,{},5.0,8.0,
xW5pwpkJMg,Allison Whitfield,1998-08-10,USA,,,,,{},5.0,10.0,
xW5pxw695g,Eugénie Le Sommer,1989-05-18,France,FW,W,,,2021,5.0,3.0,128.0
xW5pyJ9Rqg,Leah Pruitt,1997-09-05,USA,FW,ST,,,"['2019', '2020', '2021', '2022']",5.0,8.0,
zeQZ71BxMK,Kendall Fletcher,1984-11-06,Australia,DF,CB,,,"['2016', '2021']",,,
zeQZ7kAYMK,McKenzie Meehan,1994-12-25,USA,FW,ST,,,"['2017', '2018', '2019', '2020']",5.0,5.0,
zeQZ7KmKMK,Jaycie Johnson,1995-04-18,USA,MF,W,FW,ST,"['2018', '2019', '2021', '2022']",5.0,6.0,
zeQZ7x0xMK,Yuka Momiki,1996-04-09,Japan,MF,W,,,"['2020', '2021']",5.0,0.0,108.0
zeQZ7xZYMK,Kim Reynolds,,USA,,,,,{},,,
zeQZ7Y8jMK,Dani Weatherholt,1994-03-17,USA,MF,DM,,CM,"['2016', '2017', '2018', '2019', '2020', '2021', '2022', '2023', '2024']",5.0,8.0,
zeQZ7ZYDMK,Halimatu Ayinde,1995-05-16,Nigeria,FW,ST,,,2016,5.0,5.0,
zeQZeGBNqK,Kimmi Ascanio,2008-01-21,,MF,DM,,,2024,,,
zeQZeYOxqK,Kate Howarth,1991-07-03,USA,FW,W,MF,AM,2020,5.0,6.0,
zeQZJeeNQK,Laura Alleway,1989-11-28,Australia,DF,CB,,,"['2016', '2017']",5.0,10.0,159.0
zeQZJew1QK,Jill Loyden,1985-06-25,USA,,,,,{},5.0,10.0,
zeQZJPmZQK,Sydney Leroux,1990-05-07,USA,FW,ST,,,"['2017', '2018', '2019', '2020', '2021', '2022', '2023', '2024']",5.0,7.0,
zeQZJXGZQK,Becky Sauerbrunn,1985-06-06,USA,DF,CB,,,"['2016', '2017', '2018', '2019', '2020', '2021', '2022', '2023', '2024']",5.0,7.0,141.0
zeQZJXnKQK,Almuth Schult,1991-02-09,Germany,GK,GK,,,"['2022', '2024']",5.0,11.0,157.0
zeQZJXvKQK,Kim Little,1990-06-29,Scotland,MF,DM,,,"['2016', '2022']",5.0,4.0,132.0
zeQZXA7r5K,Ary Borges,1999-12-28,Brazil,MF,CM,,DM,"['2023', '2024']",5.0,5.0,132.0
zeQZXkwD5K,Julia Grosso,2000-08-29,Canada,MF,DM,,,2024,5.0,5.0,
